-- MySQL dump 10.13  Distrib 5.5.35, for Linux (x86_64)
--
-- Host: localhost    Database: expomobi_mc
-- ------------------------------------------------------
-- Server version	5.5.35-cll

/*!40101 SET @OLD_CHARACTER_SET_CLIENT=@@CHARACTER_SET_CLIENT */;
/*!40101 SET @OLD_CHARACTER_SET_RESULTS=@@CHARACTER_SET_RESULTS */;
/*!40101 SET @OLD_COLLATION_CONNECTION=@@COLLATION_CONNECTION */;
/*!40101 SET NAMES utf8 */;
/*!40103 SET @OLD_TIME_ZONE=@@TIME_ZONE */;
/*!40103 SET TIME_ZONE='+00:00' */;
/*!40014 SET @OLD_UNIQUE_CHECKS=@@UNIQUE_CHECKS, UNIQUE_CHECKS=0 */;
/*!40014 SET @OLD_FOREIGN_KEY_CHECKS=@@FOREIGN_KEY_CHECKS, FOREIGN_KEY_CHECKS=0 */;
/*!40101 SET @OLD_SQL_MODE=@@SQL_MODE, SQL_MODE='NO_AUTO_VALUE_ON_ZERO' */;
/*!40111 SET @OLD_SQL_NOTES=@@SQL_NOTES, SQL_NOTES=0 */;

--
-- Table structure for table `activities`
--

DROP TABLE IF EXISTS `activities`;
/*!40101 SET @saved_cs_client     = @@character_set_client */;
/*!40101 SET character_set_client = utf8 */;
CREATE TABLE `activities` (
  `id` int(11) NOT NULL AUTO_INCREMENT,
  `name` varchar(255) NOT NULL,
  `start_date` datetime NOT NULL,
  `end_date` datetime NOT NULL,
  `place` varchar(255) NOT NULL,
  `observations` text,
  `event_id` int(11) NOT NULL,
  `created_at` datetime NOT NULL,
  `updated_at` datetime NOT NULL,
  PRIMARY KEY (`id`),
  KEY `activities_event_id_fk` (`event_id`),
  CONSTRAINT `activities_event_id_fk` FOREIGN KEY (`event_id`) REFERENCES `events` (`id`)
) ENGINE=InnoDB AUTO_INCREMENT=11 DEFAULT CHARSET=latin1;
/*!40101 SET character_set_client = @saved_cs_client */;

--
-- Dumping data for table `activities`
--

LOCK TABLES `activities` WRITE;
/*!40000 ALTER TABLE `activities` DISABLE KEYS */;
INSERT INTO `activities` VALUES (1,'Juego de Golf ANADIC','2013-11-24 07:00:00','2013-11-24 14:00:00','Campo de Golf de Moon Palace','',1,'2013-11-15 17:40:40','2013-11-15 17:40:40'),(2,'Fotografía de Grupo','2013-11-25 15:00:00','2013-11-25 15:30:00','Explanada Junto a la Alberca','',1,'2013-11-15 17:42:15','2013-11-15 17:42:15'),(3,'Cena Temática','2013-11-25 21:00:00','2013-11-25 23:00:00','Salón Star 5,6,7,8','',1,'2013-11-15 17:43:55','2013-11-15 17:43:55'),(4,'Disco Night 80´s','2013-11-25 23:00:00','2013-11-26 02:00:00','Discoteque del Moon Palace','',2,'2013-11-15 17:45:44','2013-11-15 17:45:44'),(5,'Comida y Tarde Libre','2013-11-26 16:00:00','2013-11-26 19:30:00','Restaurantes del Hotel Moon Palace, Alberca, Playa del Hotel','',2,'2013-11-15 17:47:35','2013-11-15 17:47:35'),(6,'Cena de Clausura Show','2013-11-26 21:00:00','2013-11-27 02:00:00','Salón Star 5,6,7,8','',2,'2013-11-15 18:01:13','2013-11-15 18:01:13'),(7,'actividad','2014-02-12 11:42:00','2014-02-12 11:42:00','Sala Principal','observacion',3,'2014-02-12 18:43:05','2014-02-12 18:43:05'),(8,'Partido de Golf','2014-02-14 12:00:00','2014-02-14 13:00:00','Campo de golf','Habrá premios para primero, segundo y tercer lugar',3,'2014-02-14 19:04:55','2014-02-14 19:04:55'),(9,'actividad tres','2014-02-14 12:26:00','2014-02-14 12:26:00','lugar','',3,'2014-02-14 19:30:26','2014-02-14 19:30:26'),(10,'cuarta actividad','2014-02-14 12:29:00','2014-02-14 12:29:00','sala','observacion',3,'2014-02-14 19:31:33','2014-02-14 19:31:33');
/*!40000 ALTER TABLE `activities` ENABLE KEYS */;
UNLOCK TABLES;

--
-- Table structure for table `attendee_expositions`
--

DROP TABLE IF EXISTS `attendee_expositions`;
/*!40101 SET @saved_cs_client     = @@character_set_client */;
/*!40101 SET character_set_client = utf8 */;
CREATE TABLE `attendee_expositions` (
  `id` int(11) NOT NULL AUTO_INCREMENT,
  `attendee_id` int(11) NOT NULL,
  `exhibitor_id` int(11) NOT NULL,
  `event_id` int(11) NOT NULL,
  `created_at` datetime NOT NULL,
  `updated_at` datetime NOT NULL,
  PRIMARY KEY (`id`),
  KEY `attendee_expositions_attendee_id_fk` (`attendee_id`),
  KEY `attendee_expositions_exhibitor_id` (`exhibitor_id`),
  KEY `attendee_expositions_event_id_fk` (`event_id`),
  CONSTRAINT `attendee_expositions_event_id_fk` FOREIGN KEY (`event_id`) REFERENCES `events` (`id`),
  CONSTRAINT `attendee_expositions_attendee_id_fk` FOREIGN KEY (`attendee_id`) REFERENCES `attendees` (`id`),
  CONSTRAINT `attendee_expositions_exhibitor_id` FOREIGN KEY (`exhibitor_id`) REFERENCES `exhibitors` (`id`)
) ENGINE=InnoDB DEFAULT CHARSET=latin1;
/*!40101 SET character_set_client = @saved_cs_client */;

--
-- Dumping data for table `attendee_expositions`
--

LOCK TABLES `attendee_expositions` WRITE;
/*!40000 ALTER TABLE `attendee_expositions` DISABLE KEYS */;
/*!40000 ALTER TABLE `attendee_expositions` ENABLE KEYS */;
UNLOCK TABLES;

--
-- Table structure for table `attendee_workshops`
--

DROP TABLE IF EXISTS `attendee_workshops`;
/*!40101 SET @saved_cs_client     = @@character_set_client */;
/*!40101 SET character_set_client = utf8 */;
CREATE TABLE `attendee_workshops` (
  `id` int(11) NOT NULL AUTO_INCREMENT,
  `attendee_id` int(11) NOT NULL,
  `workshop_id` int(11) NOT NULL,
  `event_id` int(11) NOT NULL,
  `created_at` datetime NOT NULL,
  `updated_at` datetime NOT NULL,
  PRIMARY KEY (`id`),
  KEY `attendee_workshops_attendee_id_fk` (`attendee_id`),
  KEY `attendee_workshops_workshop_id_fk` (`workshop_id`),
  KEY `attendee_workshops_event_id_fk` (`event_id`),
  CONSTRAINT `attendee_workshops_event_id_fk` FOREIGN KEY (`event_id`) REFERENCES `events` (`id`),
  CONSTRAINT `attendee_workshops_attendee_id_fk` FOREIGN KEY (`attendee_id`) REFERENCES `attendees` (`id`),
  CONSTRAINT `attendee_workshops_workshop_id_fk` FOREIGN KEY (`workshop_id`) REFERENCES `workshops` (`id`)
) ENGINE=InnoDB DEFAULT CHARSET=latin1;
/*!40101 SET character_set_client = @saved_cs_client */;

--
-- Dumping data for table `attendee_workshops`
--

LOCK TABLES `attendee_workshops` WRITE;
/*!40000 ALTER TABLE `attendee_workshops` DISABLE KEYS */;
/*!40000 ALTER TABLE `attendee_workshops` ENABLE KEYS */;
UNLOCK TABLES;

--
-- Table structure for table `attendees`
--

DROP TABLE IF EXISTS `attendees`;
/*!40101 SET @saved_cs_client     = @@character_set_client */;
/*!40101 SET character_set_client = utf8 */;
CREATE TABLE `attendees` (
  `id` int(11) NOT NULL AUTO_INCREMENT,
  `attendee_id` varchar(255) NOT NULL,
  `e_name` varchar(255) NOT NULL,
  `e_tradename` varchar(255) DEFAULT NULL,
  `e_street` varchar(255) NOT NULL,
  `e_ext_number` int(11) NOT NULL,
  `e_int_number` varchar(255) DEFAULT NULL,
  `e_colony` varchar(255) NOT NULL,
  `e_municipality` varchar(255) NOT NULL,
  `e_city` varchar(255) NOT NULL,
  `e_state` varchar(255) NOT NULL,
  `e_zip_code` int(11) NOT NULL,
  `e_rfc` varchar(255) DEFAULT NULL,
  `e_lada` int(11) NOT NULL,
  `e_phone` varchar(255) NOT NULL,
  `a_name` varchar(255) NOT NULL,
  `a_email` varchar(255) NOT NULL,
  `a_chat` varchar(255) DEFAULT NULL,
  `a_cellphone` varchar(255) DEFAULT NULL,
  `a_tel_nextel` varchar(255) DEFAULT NULL,
  `a_radio_nextel` varchar(255) DEFAULT NULL,
  `a_is_director` tinyint(1) DEFAULT NULL,
  `a_platform` varchar(255) DEFAULT NULL,
  `e_main_line` varchar(255) DEFAULT NULL,
  `a_sec_line` varchar(255) DEFAULT NULL,
  `a_num_employees` int(11) DEFAULT NULL,
  `a_other_line` varchar(255) DEFAULT NULL,
  `a_web` varchar(255) DEFAULT NULL,
  `a_market_segment` varchar(255) DEFAULT NULL,
  `confirmed` tinyint(1) NOT NULL DEFAULT '0',
  `confirmation_token` varchar(255) NOT NULL,
  `subgroup_id` int(11) NOT NULL,
  `event_id` int(11) NOT NULL,
  `a_sector` int(11) NOT NULL,
  `a_want_email` tinyint(1) NOT NULL DEFAULT '0',
  `a_job` varchar(255) NOT NULL,
  `attended` tinyint(1) NOT NULL DEFAULT '0',
  `attended_date` datetime DEFAULT NULL,
  `created_at` datetime NOT NULL,
  `updated_at` datetime NOT NULL,
  PRIMARY KEY (`id`),
  KEY `attendees_subgroup_id_fk` (`subgroup_id`),
  KEY `attendees_event_id_fk` (`event_id`),
  CONSTRAINT `attendees_event_id_fk` FOREIGN KEY (`event_id`) REFERENCES `events` (`id`),
  CONSTRAINT `attendees_subgroup_id_fk` FOREIGN KEY (`subgroup_id`) REFERENCES `subgroups` (`id`)
) ENGINE=InnoDB AUTO_INCREMENT=551 DEFAULT CHARSET=latin1;
/*!40101 SET character_set_client = @saved_cs_client */;

--
-- Dumping data for table `attendees`
--

LOCK TABLES `attendees` WRITE;
/*!40000 ALTER TABLE `attendees` DISABLE KEYS */;
INSERT INTO `attendees` VALUES (1,'AN0001','INNOVACIÓN Y CONSULTORÍA MÓVIL S.C','eMobile','AVENIDA HEROICO COLEGIO MILITAR',123,'','NOMBRE DE DIOS','CHIHUAHUA','CHIHUAHUA','CHIHUAHUA',33333,'qwe',614,'6141111111','JORGE ALBERTO LUNA QUINTANILLA','seguidor777@gmail.com','','6141111111','','',0,'Blackberry;','APLICACIONES WEB','DISEÑO WEB',10,'DESARROLLO WEB','','Gobierno;PyMEs;Web;',1,'sdg34dfgd3',3,2,1,1,'Ventas',0,NULL,'2013-11-20 23:56:54','2013-11-20 23:56:54'),(2,'EP0001','a','a','a',5,'1','col','d','c','CHIHUAHUA',12343,'rfc',614,'123','Raúl Maese','rmaese@emobile.com.mx','','5','','',0,'IPhone;','CABLEADO ESTRUCTURADO','AULAS EDUCATIVAS / LABORATORIOS',2,'g','','Gobierno;',1,'sdg34dfgd3',6,1,1,1,'Ventas',0,NULL,'2013-11-21 00:34:34','2013-11-21 00:34:34'),(3,'AN0002','INNOVACIÓN Y CONSULTORÍA MÓVIL S.C','Innovacion y Consultoria','Calle Syndey',331,'A','Colonia Mirador','Manzanos','Cuauhtemoc','CHIHUAHUA',24531,'NFHLJ941',531,'6149902182','Osiel Bonilla','obonilla@emobile.com.mx','','43','','',0,'Android','CONMUTADORES','CAPACITACION',3,'gir','','Corporativo',1,'sdg34dfgd3',3,2,1,1,'Ventas',0,NULL,'2013-11-21 00:36:33','2014-01-30 22:49:56'),(4,'AN0003','d','d','d',23,'d','f','f','r','COLIMA',43524,'df',614,'544524','Dianita Chacón','dchacon@emobile.com.mx','','3434','','',1,'Android;','CABLEADO ESTRUCTURADO','DESARROLLO APL. MOVILES',3,'v','','PyMEs;',1,'sdg34dfgd3',3,2,1,1,'Ventas',1,'2014-02-12 12:56:42','2013-11-21 00:40:58','2014-02-12 19:56:42'),(10,'TC0001','N/A','COL. SIMON BOLIVAR','N/A',0,NULL,'N/A','N/A','N/A','N/A',0,'N/A',0,'N/A','MARIA DEL CARMEN ACEVES','N/A',NULL,'N/A',NULL,NULL,0,'N/A','N/A','N/A',0,'N/A',NULL,'N/A',0,'wiefdwmg7d',28,3,0,0,'N/A',0,'2014-02-17 16:44:23','2014-02-17 22:07:59','2014-02-17 22:45:35'),(11,'TC0002','N/A','UAM','N/A',0,NULL,'N/A','N/A','N/A','N/A',0,'N/A',0,'N/A','MIGUEL ANGEL AGUILAR','N/A',NULL,'N/A',NULL,NULL,0,'N/A','N/A','N/A',0,'N/A',NULL,'N/A',0,'rek5cwo2uh',28,3,0,0,'N/A',0,NULL,'2014-02-17 22:08:00','2014-02-17 22:08:00'),(12,'TC0003','N/A','UNIV. DE NEG. ISEC','N/A',0,NULL,'N/A','N/A','N/A','N/A',0,'N/A',0,'N/A','ALVARO AGUILAR','N/A',NULL,'N/A',NULL,NULL,0,'N/A','N/A','N/A',0,'N/A',NULL,'N/A',0,'n3kg7wfbvv',28,3,0,0,'N/A',0,NULL,'2014-02-17 22:08:00','2014-02-17 22:08:00'),(13,'TC0004','N/A','UNIV. MEXICANA','N/A',0,NULL,'N/A','N/A','N/A','N/A',0,'N/A',0,'N/A','ADAN AGUILAR','N/A',NULL,'N/A',NULL,NULL,0,'N/A','N/A','N/A',0,'N/A',NULL,'N/A',0,'q7umnjppsk',28,3,0,0,'N/A',0,NULL,'2014-02-17 22:08:00','2014-02-17 22:08:00'),(14,'TC0005','N/A','UTTECAMAC','N/A',0,NULL,'N/A','N/A','N/A','N/A',0,'N/A',0,'N/A','SERGIO AGUILAR ','N/A',NULL,'N/A',NULL,NULL,0,'N/A','N/A','N/A',0,'N/A',NULL,'N/A',0,'h0edv8oy1p',28,3,0,0,'N/A',0,NULL,'2014-02-17 22:08:00','2014-02-17 22:08:00'),(15,'TC0006','N/A','BENJAMIN FRANKLIN','N/A',0,NULL,'N/A','N/A','N/A','N/A',0,'N/A',0,'N/A','YURIKO AISAWA','N/A',NULL,'N/A',NULL,NULL,0,'N/A','N/A','N/A',0,'N/A',NULL,'N/A',0,'h7p41l7rx2',28,3,0,0,'N/A',0,NULL,'2014-02-17 22:08:00','2014-02-17 22:08:00'),(16,'TC0007','N/A','ILCE','N/A',0,NULL,'N/A','N/A','N/A','N/A',0,'N/A',0,'N/A','FANNY LETICIA ALCALA','N/A',NULL,'N/A',NULL,NULL,0,'N/A','N/A','N/A',0,'N/A',NULL,'N/A',0,'9z0rdv7voh',28,3,0,0,'N/A',0,NULL,'2014-02-17 22:08:00','2014-02-17 22:08:00'),(17,'TC0008','N/A','TEC. VALLE DE CHALCO','N/A',0,NULL,'N/A','N/A','N/A','N/A',0,'N/A',0,'N/A','ELSA GEORGINA ALDAPE','N/A',NULL,'N/A',NULL,NULL,0,'N/A','N/A','N/A',0,'N/A',NULL,'N/A',0,'7z9puyg3nk',28,3,0,0,'N/A',0,NULL,'2014-02-17 22:08:00','2014-02-17 22:08:00'),(18,'TC0009','N/A','UNIVERSIDAD ETAC','N/A',0,NULL,'N/A','N/A','N/A','N/A',0,'N/A',0,'N/A','RAUL ALLENDE','N/A',NULL,'N/A',NULL,NULL,0,'N/A','N/A','N/A',0,'N/A',NULL,'N/A',0,'en85mr9g94',28,3,0,0,'N/A',0,NULL,'2014-02-17 22:08:00','2014-02-17 22:08:00'),(19,'TC0010','N/A','SIERRA NEVADA','N/A',0,NULL,'N/A','N/A','N/A','N/A',0,'N/A',0,'N/A','IVAN ALMANZA','N/A',NULL,'N/A',NULL,NULL,0,'N/A','N/A','N/A',0,'N/A',NULL,'N/A',0,'ipi8xhlas7',28,3,0,0,'N/A',0,NULL,'2014-02-17 22:08:00','2014-02-17 22:08:00'),(20,'TC0011','N/A','IESTUR','N/A',0,NULL,'N/A','N/A','N/A','N/A',0,'N/A',0,'N/A','YAZMIN ALMARAZ','N/A',NULL,'N/A',NULL,NULL,0,'N/A','N/A','N/A',0,'N/A',NULL,'N/A',0,'im6m5k6nx1',28,3,0,0,'N/A',0,'2014-02-17 16:44:05','2014-02-17 22:08:00','2014-02-17 22:44:06'),(21,'TC0012','N/A','ALPUCHE PINZUA','N/A',0,NULL,'N/A','N/A','N/A','N/A',0,'N/A',0,'N/A','JOSE ALPUCHE','N/A',NULL,'N/A',NULL,NULL,0,'N/A','N/A','N/A',0,'N/A',NULL,'N/A',0,'54zyboeksu',28,3,0,0,'N/A',0,NULL,'2014-02-17 22:08:00','2014-02-17 22:08:00'),(22,'TC0013','N/A','UNAM','N/A',0,NULL,'N/A','N/A','N/A','N/A',0,'N/A',0,'N/A','JOSE LUIS  ALTAMIRANO ','N/A',NULL,'N/A',NULL,NULL,0,'N/A','N/A','N/A',0,'N/A',NULL,'N/A',0,'cnvcslib3p',28,3,0,0,'N/A',0,NULL,'2014-02-17 22:08:00','2014-02-17 22:08:00'),(23,'TC0014','N/A','CIDE','N/A',0,NULL,'N/A','N/A','N/A','N/A',0,'N/A',0,'N/A','MARIO ALVAREZ','N/A',NULL,'N/A',NULL,NULL,0,'N/A','N/A','N/A',0,'N/A',NULL,'N/A',0,'vb997q7g03',28,3,0,0,'N/A',0,NULL,'2014-02-17 22:08:00','2014-02-17 22:08:00'),(24,'TC0015','N/A','UNAM','N/A',0,NULL,'N/A','N/A','N/A','N/A',0,'N/A',0,'N/A','RAQUEL ALVAREZ','N/A',NULL,'N/A',NULL,NULL,0,'N/A','N/A','N/A',0,'N/A',NULL,'N/A',0,'b9crely3gx',28,3,0,0,'N/A',0,NULL,'2014-02-17 22:08:00','2014-02-17 22:08:00'),(25,'TC0016','N/A','UNAM DGTIC','N/A',0,NULL,'N/A','N/A','N/A','N/A',0,'N/A',0,'N/A','CARMEN DINORAH ALVAREZ','N/A',NULL,'N/A',NULL,NULL,0,'N/A','N/A','N/A',0,'N/A',NULL,'N/A',0,'w0e864a6mf',28,3,0,0,'N/A',0,NULL,'2014-02-17 22:08:00','2014-02-17 22:08:00'),(26,'TC0017','N/A','UPN','N/A',0,NULL,'N/A','N/A','N/A','N/A',0,'N/A',0,'N/A','VICTOR ALVAREZ','N/A',NULL,'N/A',NULL,NULL,0,'N/A','N/A','N/A',0,'N/A',NULL,'N/A',0,'bqcckuohjr',28,3,0,0,'N/A',0,NULL,'2014-02-17 22:08:00','2014-02-17 22:08:00'),(27,'TC0018','N/A','UNAM','N/A',0,NULL,'N/A','N/A','N/A','N/A',0,'N/A',0,'N/A','MARCOS RENE ALVAREZ ','N/A',NULL,'N/A',NULL,NULL,0,'N/A','N/A','N/A',0,'N/A',NULL,'N/A',0,'42xnfwewy8',28,3,0,0,'N/A',0,NULL,'2014-02-17 22:08:00','2014-02-17 22:08:00'),(28,'TC0019','N/A','UNIV. MOTOLINIA','N/A',0,NULL,'N/A','N/A','N/A','N/A',0,'N/A',0,'N/A','JORGE AMAYA','N/A',NULL,'N/A',NULL,NULL,0,'N/A','N/A','N/A',0,'N/A',NULL,'N/A',0,'iku6o29e7q',28,3,0,0,'N/A',0,NULL,'2014-02-17 22:08:00','2014-02-17 22:08:00'),(29,'TC0020','N/A','EDRON ACADEMIC','N/A',0,NULL,'N/A','N/A','N/A','N/A',0,'N/A',0,'N/A','ALFONSO AMEZCUA','N/A',NULL,'N/A',NULL,NULL,0,'N/A','N/A','N/A',0,'N/A',NULL,'N/A',0,'rme4ucc30m',28,3,0,0,'N/A',0,NULL,'2014-02-17 22:08:00','2014-02-17 22:08:00'),(30,'TC0021','N/A','C. A. DES. ACADEMICO','N/A',0,NULL,'N/A','N/A','N/A','N/A',0,'N/A',0,'N/A','ISAAC ANGEL','N/A',NULL,'N/A',NULL,NULL,0,'N/A','N/A','N/A',0,'N/A',NULL,'N/A',0,'yvm2p88sfn',28,3,0,0,'N/A',0,NULL,'2014-02-17 22:08:00','2014-02-17 22:08:00'),(31,'TC0022','N/A','UNAM','N/A',0,NULL,'N/A','N/A','N/A','N/A',0,'N/A',0,'N/A','RUBEN  AQUINO ','N/A',NULL,'N/A',NULL,NULL,0,'N/A','N/A','N/A',0,'N/A',NULL,'N/A',0,'0dco8msarh',28,3,0,0,'N/A',0,NULL,'2014-02-17 22:08:00','2014-02-17 22:08:00'),(32,'TC0023','N/A','INFANTIL JOSE TAPIA','N/A',0,NULL,'N/A','N/A','N/A','N/A',0,'N/A',0,'N/A','GABRIELA ARAGON','N/A',NULL,'N/A',NULL,NULL,0,'N/A','N/A','N/A',0,'N/A',NULL,'N/A',0,'shnsieap70',28,3,0,0,'N/A',0,NULL,'2014-02-17 22:08:00','2014-02-17 22:08:00'),(33,'TC0024','N/A','ESDAI UNIV. PANAM.','N/A',0,NULL,'N/A','N/A','N/A','N/A',0,'N/A',0,'N/A','RAQUELA ARAUJO','N/A',NULL,'N/A',NULL,NULL,0,'N/A','N/A','N/A',0,'N/A',NULL,'N/A',0,'0t1kuus01n',28,3,0,0,'N/A',0,NULL,'2014-02-17 22:08:00','2014-02-17 22:08:00'),(34,'TC0025','N/A','UNAM','N/A',0,NULL,'N/A','N/A','N/A','N/A',0,'N/A',0,'N/A','MARIO ALBERTO ARREDONDO','N/A',NULL,'N/A',NULL,NULL,0,'N/A','N/A','N/A',0,'N/A',NULL,'N/A',0,'vnfse5fyjx',28,3,0,0,'N/A',0,NULL,'2014-02-17 22:08:00','2014-02-17 22:08:00'),(35,'TC0026','N/A','UPN','N/A',0,NULL,'N/A','N/A','N/A','N/A',0,'N/A',0,'N/A','MARIA ESTELA ARREDONDO','N/A',NULL,'N/A',NULL,NULL,0,'N/A','N/A','N/A',0,'N/A',NULL,'N/A',0,'de2ywdxtrg',28,3,0,0,'N/A',0,NULL,'2014-02-17 22:08:00','2014-02-17 22:08:00'),(36,'TC0027','N/A','COL. VALLE DEL TEPEYAC','N/A',0,NULL,'N/A','N/A','N/A','N/A',0,'N/A',0,'N/A','ALFONSO ARRIAGA','N/A',NULL,'N/A',NULL,NULL,0,'N/A','N/A','N/A',0,'N/A',NULL,'N/A',0,'k11adtu9pk',28,3,0,0,'N/A',0,NULL,'2014-02-17 22:08:00','2014-02-17 22:08:00'),(37,'TC0028','N/A','UNAM','N/A',0,NULL,'N/A','N/A','N/A','N/A',0,'N/A',0,'N/A','RICARDO ARROYO','N/A',NULL,'N/A',NULL,NULL,0,'N/A','N/A','N/A',0,'N/A',NULL,'N/A',0,'5fviovtas4',28,3,0,0,'N/A',0,NULL,'2014-02-17 22:08:00','2014-02-17 22:08:00'),(38,'TC0029','N/A','UNID','N/A',0,NULL,'N/A','N/A','N/A','N/A',0,'N/A',0,'N/A','JONATHAN ARROYO','N/A',NULL,'N/A',NULL,NULL,0,'N/A','N/A','N/A',0,'N/A',NULL,'N/A',0,'8hqewjo2dc',28,3,0,0,'N/A',0,NULL,'2014-02-17 22:08:00','2014-02-17 22:08:00'),(39,'TC0030','N/A','JARD. BARBARA COLYNS','N/A',0,NULL,'N/A','N/A','N/A','N/A',0,'N/A',0,'N/A','MARGARITA  ASCENCIO ','N/A',NULL,'N/A',NULL,NULL,0,'N/A','N/A','N/A',0,'N/A',NULL,'N/A',0,'5w4l1s9kwk',28,3,0,0,'N/A',0,NULL,'2014-02-17 22:08:00','2014-02-17 22:08:00'),(40,'TC0031','N/A','UAM','N/A',0,NULL,'N/A','N/A','N/A','N/A',0,'N/A',0,'N/A','AXEL AVILES','N/A',NULL,'N/A',NULL,NULL,0,'N/A','N/A','N/A',0,'N/A',NULL,'N/A',0,'zlpmz9b0rd',28,3,0,0,'N/A',0,NULL,'2014-02-17 22:08:00','2014-02-17 22:08:00'),(41,'TC0032','N/A','UNIV. ANAHUAC','N/A',0,NULL,'N/A','N/A','N/A','N/A',0,'N/A',0,'N/A','SANDRA MA. AVIÑA','N/A',NULL,'N/A',NULL,NULL,0,'N/A','N/A','N/A',0,'N/A',NULL,'N/A',0,'fpgi7m1w99',28,3,0,0,'N/A',0,NULL,'2014-02-17 22:08:01','2014-02-17 22:08:01'),(42,'TC0033','N/A','INTEGRAL KIPLING','N/A',0,NULL,'N/A','N/A','N/A','N/A',0,'N/A',0,'N/A','AARON AYALA','N/A',NULL,'N/A',NULL,NULL,0,'N/A','N/A','N/A',0,'N/A',NULL,'N/A',0,'j2fi4fxvvc',28,3,0,0,'N/A',0,NULL,'2014-02-17 22:08:01','2014-02-17 22:08:01'),(43,'TC0034','N/A','UNAM','N/A',0,NULL,'N/A','N/A','N/A','N/A',0,'N/A',0,'N/A','AURORA AYALA','N/A',NULL,'N/A',NULL,NULL,0,'N/A','N/A','N/A',0,'N/A',NULL,'N/A',0,'5pindmvdmb',28,3,0,0,'N/A',0,NULL,'2014-02-17 22:08:01','2014-02-17 22:08:01'),(44,'TC0035','N/A','INST. INVESTIGACIONES','N/A',0,NULL,'N/A','N/A','N/A','N/A',0,'N/A',0,'N/A','ENRIQUE GUILLERMO AYALA ','N/A',NULL,'N/A',NULL,NULL,0,'N/A','N/A','N/A',0,'N/A',NULL,'N/A',0,'9vw97k6ve3',28,3,0,0,'N/A',0,NULL,'2014-02-17 22:08:01','2014-02-17 22:08:01'),(45,'TC0036','N/A','ITESM','N/A',0,NULL,'N/A','N/A','N/A','N/A',0,'N/A',0,'N/A','JORGE AYHLLON','N/A',NULL,'N/A',NULL,NULL,0,'N/A','N/A','N/A',0,'N/A',NULL,'N/A',0,'i3ypswkd2k',28,3,0,0,'N/A',0,NULL,'2014-02-17 22:08:01','2014-02-17 22:08:01'),(46,'TC0037','N/A','INTERCONTINENTAL','N/A',0,NULL,'N/A','N/A','N/A','N/A',0,'N/A',0,'N/A','JUAN JOSE PABLO AZMITIA','N/A',NULL,'N/A',NULL,NULL,0,'N/A','N/A','N/A',0,'N/A',NULL,'N/A',0,'ph9jfixwkc',28,3,0,0,'N/A',0,NULL,'2014-02-17 22:08:01','2014-02-17 22:08:01'),(47,'TC0038','N/A','UNAM','N/A',0,NULL,'N/A','N/A','N/A','N/A',0,'N/A',0,'N/A','CECILIA BAEZ ','N/A',NULL,'N/A',NULL,NULL,0,'N/A','N/A','N/A',0,'N/A',NULL,'N/A',0,'ucfnhb80jn',28,3,0,0,'N/A',0,NULL,'2014-02-17 22:08:01','2014-02-17 22:08:01'),(48,'TC0039','N/A','UNAM','N/A',0,NULL,'N/A','N/A','N/A','N/A',0,'N/A',0,'N/A','RICARDO ALBERTO BAEZ ','N/A',NULL,'N/A',NULL,NULL,0,'N/A','N/A','N/A',0,'N/A',NULL,'N/A',0,'qiodvz8dq4',28,3,0,0,'N/A',0,NULL,'2014-02-17 22:08:01','2014-02-17 22:08:01'),(49,'TC0040','N/A','ALBERT EINSTEIN','N/A',0,NULL,'N/A','N/A','N/A','N/A',0,'N/A',0,'N/A','J.GUADALUPE BALDERAS','N/A',NULL,'N/A',NULL,NULL,0,'N/A','N/A','N/A',0,'N/A',NULL,'N/A',0,'ueaozt29g7',28,3,0,0,'N/A',0,NULL,'2014-02-17 22:08:01','2014-02-17 22:08:01'),(50,'TC0041','N/A','TEPEYAC ESTRELLA','N/A',0,NULL,'N/A','N/A','N/A','N/A',0,'N/A',0,'N/A','ROSA BAÑOS','N/A',NULL,'N/A',NULL,NULL,0,'N/A','N/A','N/A',0,'N/A',NULL,'N/A',0,'e9nvlubmgo',28,3,0,0,'N/A',0,NULL,'2014-02-17 22:08:01','2014-02-17 22:08:01'),(51,'TC0042','N/A','UTTECAMAC','N/A',0,NULL,'N/A','N/A','N/A','N/A',0,'N/A',0,'N/A','JUANA ALEJANDRA BARBOSA','N/A',NULL,'N/A',NULL,NULL,0,'N/A','N/A','N/A',0,'N/A',NULL,'N/A',0,'ferja1vn84',28,3,0,0,'N/A',0,NULL,'2014-02-17 22:08:01','2014-02-17 22:08:01'),(52,'TC0043','N/A','UNAM','N/A',0,NULL,'N/A','N/A','N/A','N/A',0,'N/A',0,'N/A','MARIA DEL ROSARIO BARRAGAN','N/A',NULL,'N/A',NULL,NULL,0,'N/A','N/A','N/A',0,'N/A',NULL,'N/A',0,'najnze545r',28,3,0,0,'N/A',0,NULL,'2014-02-17 22:08:01','2014-02-17 22:08:01'),(53,'TC0044','N/A','INSTITUTO NURSIA','N/A',0,NULL,'N/A','N/A','N/A','N/A',0,'N/A',0,'N/A','ALMA DELIA BARRIENTOS','N/A',NULL,'N/A',NULL,NULL,0,'N/A','N/A','N/A',0,'N/A',NULL,'N/A',0,'hzcd7xudpj',28,3,0,0,'N/A',0,NULL,'2014-02-17 22:08:01','2014-02-17 22:08:01'),(54,'TC0045','N/A','ANGLOAMERICANO','N/A',0,NULL,'N/A','N/A','N/A','N/A',0,'N/A',0,'N/A','ALEJANDRO  BARTOLO','N/A',NULL,'N/A',NULL,NULL,0,'N/A','N/A','N/A',0,'N/A',NULL,'N/A',0,'iiz8zrrdhp',28,3,0,0,'N/A',0,NULL,'2014-02-17 22:08:01','2014-02-17 22:08:01'),(55,'TC0046','N/A','LA SALLE DE SEGLARES','N/A',0,NULL,'N/A','N/A','N/A','N/A',0,'N/A',0,'N/A','LUIS JESUS BAZA','N/A',NULL,'N/A',NULL,NULL,0,'N/A','N/A','N/A',0,'N/A',NULL,'N/A',0,'j1ealbel14',28,3,0,0,'N/A',0,NULL,'2014-02-17 22:08:01','2014-02-17 22:08:01'),(56,'TC0047','N/A','UNIV. DE LONDRES','N/A',0,NULL,'N/A','N/A','N/A','N/A',0,'N/A',0,'N/A','DANIEL BECERRIL','N/A',NULL,'N/A',NULL,NULL,0,'N/A','N/A','N/A',0,'N/A',NULL,'N/A',0,'5ys52nqrew',28,3,0,0,'N/A',0,NULL,'2014-02-17 22:08:01','2014-02-17 22:08:01'),(57,'TC0048','N/A','INST. UNIV. TURISTICO','N/A',0,NULL,'N/A','N/A','N/A','N/A',0,'N/A',0,'N/A','MAURICIO BECKER','N/A',NULL,'N/A',NULL,NULL,0,'N/A','N/A','N/A',0,'N/A',NULL,'N/A',0,'9aknasrygl',28,3,0,0,'N/A',0,NULL,'2014-02-17 22:08:01','2014-02-17 22:08:01'),(58,'TC0049','N/A','CEN. EDUC. LA PANDILLA','N/A',0,NULL,'N/A','N/A','N/A','N/A',0,'N/A',0,'N/A','LETICIA BERNAL','N/A',NULL,'N/A',NULL,NULL,0,'N/A','N/A','N/A',0,'N/A',NULL,'N/A',0,'e1f6w1mjcg',28,3,0,0,'N/A',0,NULL,'2014-02-17 22:08:01','2014-02-17 22:08:01'),(59,'TC0050','N/A','UTTECAMAC','N/A',0,NULL,'N/A','N/A','N/A','N/A',0,'N/A',0,'N/A','ROXANA CLAUDIA BERNAL','N/A',NULL,'N/A',NULL,NULL,0,'N/A','N/A','N/A',0,'N/A',NULL,'N/A',0,'uksck58h9u',28,3,0,0,'N/A',0,NULL,'2014-02-17 22:08:01','2014-02-17 22:08:01'),(60,'TC0051','N/A','UNAM','N/A',0,NULL,'N/A','N/A','N/A','N/A',0,'N/A',0,'N/A','ARMANDO  BERNAL ','N/A',NULL,'N/A',NULL,NULL,0,'N/A','N/A','N/A',0,'N/A',NULL,'N/A',0,'uy3oxmlkvr',28,3,0,0,'N/A',0,NULL,'2014-02-17 22:08:01','2014-02-17 22:08:01'),(61,'TC0052','N/A','NUEVO CONTINENTE','N/A',0,NULL,'N/A','N/A','N/A','N/A',0,'N/A',0,'N/A','FLAVIO BLANCAS','N/A',NULL,'N/A',NULL,NULL,0,'N/A','N/A','N/A',0,'N/A',NULL,'N/A',0,'0nqbbhb8ul',28,3,0,0,'N/A',0,NULL,'2014-02-17 22:08:01','2014-02-17 22:08:01'),(62,'TC0053','N/A','UNID','N/A',0,NULL,'N/A','N/A','N/A','N/A',0,'N/A',0,'N/A','TOMASZ BOGDANSKI','N/A',NULL,'N/A',NULL,NULL,0,'N/A','N/A','N/A',0,'N/A',NULL,'N/A',0,'s7vfo63eua',28,3,0,0,'N/A',0,NULL,'2014-02-17 22:08:01','2014-02-17 22:08:01'),(63,'TC0054','N/A','IPN','N/A',0,NULL,'N/A','N/A','N/A','N/A',0,'N/A',0,'N/A','ANGEL FEDERICO BRINDIS','N/A',NULL,'N/A',NULL,NULL,0,'N/A','N/A','N/A',0,'N/A',NULL,'N/A',0,'21shv57n5i',28,3,0,0,'N/A',0,NULL,'2014-02-17 22:08:01','2014-02-17 22:08:01'),(64,'TC0055','N/A','UNIV. HEBRAICA','N/A',0,NULL,'N/A','N/A','N/A','N/A',0,'N/A',0,'N/A','LAURA ELENA BRIONES','N/A',NULL,'N/A',NULL,NULL,0,'N/A','N/A','N/A',0,'N/A',NULL,'N/A',0,'w4i0qaevaf',28,3,0,0,'N/A',0,NULL,'2014-02-17 22:08:01','2014-02-17 22:08:01'),(65,'TC0056','N/A','UNAM','N/A',0,NULL,'N/A','N/A','N/A','N/A',0,'N/A',0,'N/A','VIRIDIANA BRITO','N/A',NULL,'N/A',NULL,NULL,0,'N/A','N/A','N/A',0,'N/A',NULL,'N/A',0,'x32hqo260y',28,3,0,0,'N/A',0,NULL,'2014-02-17 22:08:01','2014-02-17 22:08:01'),(66,'TC0057','N/A','CINVESTAV','N/A',0,NULL,'N/A','N/A','N/A','N/A',0,'N/A',0,'N/A','ANA LUISA BUENDIA','N/A',NULL,'N/A',NULL,NULL,0,'N/A','N/A','N/A',0,'N/A',NULL,'N/A',0,'n83xu5v7hr',28,3,0,0,'N/A',0,NULL,'2014-02-17 22:08:01','2014-02-17 22:08:01'),(67,'TC0058','N/A','UVM','N/A',0,NULL,'N/A','N/A','N/A','N/A',0,'N/A',0,'N/A','VICTOR  CABALLERO','N/A',NULL,'N/A',NULL,NULL,0,'N/A','N/A','N/A',0,'N/A',NULL,'N/A',0,'fop791kmk8',28,3,0,0,'N/A',0,NULL,'2014-02-17 22:08:01','2014-02-17 22:08:01'),(68,'TC0059','N/A','UNAM','N/A',0,NULL,'N/A','N/A','N/A','N/A',0,'N/A',0,'N/A','INGRID MARISSA CABRERA','N/A',NULL,'N/A',NULL,NULL,0,'N/A','N/A','N/A',0,'N/A',NULL,'N/A',0,'wd8tzhq6h9',28,3,0,0,'N/A',0,NULL,'2014-02-17 22:08:01','2014-02-17 22:08:01'),(69,'TC0060','N/A','UNIV. ST JOHNS','N/A',0,NULL,'N/A','N/A','N/A','N/A',0,'N/A',0,'N/A','JUAN CARLOS CABRERA','N/A',NULL,'N/A',NULL,NULL,0,'N/A','N/A','N/A',0,'N/A',NULL,'N/A',0,'ttupwg5apn',28,3,0,0,'N/A',0,NULL,'2014-02-17 22:08:01','2014-02-17 22:08:01'),(70,'TC0061','N/A','UNIVERSIDAD ETAC','N/A',0,NULL,'N/A','N/A','N/A','N/A',0,'N/A',0,'N/A','KEVIN ALEXIS CABRERA','N/A',NULL,'N/A',NULL,NULL,0,'N/A','N/A','N/A',0,'N/A',NULL,'N/A',0,'m835zd8e56',28,3,0,0,'N/A',0,NULL,'2014-02-17 22:08:01','2014-02-17 22:08:01'),(71,'TC0062','N/A','CAMPUS VIRTUALES','N/A',0,NULL,'N/A','N/A','N/A','N/A',0,'N/A',0,'N/A','CLAUDIA CAJIGA','N/A',NULL,'N/A',NULL,NULL,0,'N/A','N/A','N/A',0,'N/A',NULL,'N/A',0,'x8nhchdxww',28,3,0,0,'N/A',0,NULL,'2014-02-17 22:08:02','2014-02-17 22:08:02'),(72,'TC0063','N/A','UAM','N/A',0,NULL,'N/A','N/A','N/A','N/A',0,'N/A',0,'N/A','RICARDO CALVO','N/A',NULL,'N/A',NULL,NULL,0,'N/A','N/A','N/A',0,'N/A',NULL,'N/A',0,'q3ynoy50ck',28,3,0,0,'N/A',0,NULL,'2014-02-17 22:08:02','2014-02-17 22:08:02'),(73,'TC0064','N/A','N/A','N/A',0,NULL,'N/A','N/A','N/A','N/A',0,'N/A',0,'N/A','HERNAN CAMARA','N/A',NULL,'N/A',NULL,NULL,0,'N/A','N/A','N/A',0,'N/A',NULL,'N/A',0,'mwqp21344y',28,3,0,0,'N/A',0,NULL,'2014-02-17 22:08:02','2014-02-17 22:08:02'),(74,'TC0065','N/A','CONACYT','N/A',0,NULL,'N/A','N/A','N/A','N/A',0,'N/A',0,'N/A','SALVADOR JESUS CAMPOS','N/A',NULL,'N/A',NULL,NULL,0,'N/A','N/A','N/A',0,'N/A',NULL,'N/A',0,'ga8fqnfgip',28,3,0,0,'N/A',0,NULL,'2014-02-17 22:08:02','2014-02-17 22:08:02'),(75,'TC0066','N/A','IPN','N/A',0,NULL,'N/A','N/A','N/A','N/A',0,'N/A',0,'N/A','ISRAEL CAMPOS','N/A',NULL,'N/A',NULL,NULL,0,'N/A','N/A','N/A',0,'N/A',NULL,'N/A',0,'zx697kc1fy',28,3,0,0,'N/A',0,NULL,'2014-02-17 22:08:02','2014-02-17 22:08:02'),(76,'TC0067','N/A','ITESM','N/A',0,NULL,'N/A','N/A','N/A','N/A',0,'N/A',0,'N/A','CARLOS ALBERTO CAMPOS','N/A',NULL,'N/A',NULL,NULL,0,'N/A','N/A','N/A',0,'N/A',NULL,'N/A',0,'3ufhkg5tn8',28,3,0,0,'N/A',0,NULL,'2014-02-17 22:08:02','2014-02-17 22:08:02'),(77,'TC0068','N/A','COL. VALLE DEL TEPEYAC','N/A',0,NULL,'N/A','N/A','N/A','N/A',0,'N/A',0,'N/A','CERVANDO CAMPUZANO','N/A',NULL,'N/A',NULL,NULL,0,'N/A','N/A','N/A',0,'N/A',NULL,'N/A',0,'s2s784xt5i',28,3,0,0,'N/A',0,NULL,'2014-02-17 22:08:02','2014-02-17 22:08:02'),(78,'TC0069','N/A','UNIV. SIMON BOLIVAR','N/A',0,NULL,'N/A','N/A','N/A','N/A',0,'N/A',0,'N/A','LIDIA ELENA CAÑA','N/A',NULL,'N/A',NULL,NULL,0,'N/A','N/A','N/A',0,'N/A',NULL,'N/A',0,'p3c5numqsi',28,3,0,0,'N/A',0,NULL,'2014-02-17 22:08:02','2014-02-17 22:08:02'),(79,'TC0070','N/A','ROBOTICA Y COMPUT.','N/A',0,NULL,'N/A','N/A','N/A','N/A',0,'N/A',0,'N/A','EZEQUIEL CARBAJAL','N/A',NULL,'N/A',NULL,NULL,0,'N/A','N/A','N/A',0,'N/A',NULL,'N/A',0,'190bmaq18m',28,3,0,0,'N/A',0,NULL,'2014-02-17 22:08:02','2014-02-17 22:08:02'),(80,'TC0071','N/A','ROBOTICA Y COMPUT.','N/A',0,NULL,'N/A','N/A','N/A','N/A',0,'N/A',0,'N/A','JOSE EZEQUIEL CARBAJAL','N/A',NULL,'N/A',NULL,NULL,0,'N/A','N/A','N/A',0,'N/A',NULL,'N/A',0,'qofxuywnq0',28,3,0,0,'N/A',0,NULL,'2014-02-17 22:08:02','2014-02-17 22:08:02'),(81,'TC0072','N/A','ASOC. MEXICO CENTRAL','N/A',0,NULL,'N/A','N/A','N/A','N/A',0,'N/A',0,'N/A','OVIDIO JOSE CARDONA','N/A',NULL,'N/A',NULL,NULL,0,'N/A','N/A','N/A',0,'N/A',NULL,'N/A',0,'777mlqc4pl',28,3,0,0,'N/A',0,NULL,'2014-02-17 22:08:02','2014-02-17 22:08:02'),(82,'TC0073','N/A','BANCARIO SAN CARLOS','N/A',0,NULL,'N/A','N/A','N/A','N/A',0,'N/A',0,'N/A','VIRIDIANA CARMONA','N/A',NULL,'N/A',NULL,NULL,0,'N/A','N/A','N/A',0,'N/A',NULL,'N/A',0,'fo1idtlkjq',28,3,0,0,'N/A',0,NULL,'2014-02-17 22:08:02','2014-02-17 22:08:02'),(83,'TC0074','N/A','JARD. DE NIÑOS TOYAM','N/A',0,NULL,'N/A','N/A','N/A','N/A',0,'N/A',0,'N/A','LUIS IGNACIO CARMONA','N/A',NULL,'N/A',NULL,NULL,0,'N/A','N/A','N/A',0,'N/A',NULL,'N/A',0,'xg6z7v435m',28,3,0,0,'N/A',0,NULL,'2014-02-17 22:08:02','2014-02-17 22:08:02'),(84,'TC0075','N/A','COL. MEXICO ROMA','N/A',0,NULL,'N/A','N/A','N/A','N/A',0,'N/A',0,'N/A','LUIS CARRANZA','N/A',NULL,'N/A',NULL,NULL,0,'N/A','N/A','N/A',0,'N/A',NULL,'N/A',0,'xl3oy32sbq',28,3,0,0,'N/A',0,NULL,'2014-02-17 22:08:02','2014-02-17 22:08:02'),(85,'TC0076','N/A','KINDER CINTRON','N/A',0,NULL,'N/A','N/A','N/A','N/A',0,'N/A',0,'N/A','IRMA ANGELICA  CARRASCO','N/A',NULL,'N/A',NULL,NULL,0,'N/A','N/A','N/A',0,'N/A',NULL,'N/A',0,'f9r0ob4pgz',28,3,0,0,'N/A',0,NULL,'2014-02-17 22:08:02','2014-02-17 22:08:02'),(86,'TC0077','N/A','COLEGIO REIMS','N/A',0,NULL,'N/A','N/A','N/A','N/A',0,'N/A',0,'N/A','MELITON CASAS','N/A',NULL,'N/A',NULL,NULL,0,'N/A','N/A','N/A',0,'N/A',NULL,'N/A',0,'d8ilxmqg0m',28,3,0,0,'N/A',0,NULL,'2014-02-17 22:08:02','2014-02-17 22:08:02'),(87,'TC0078','N/A','CRISTOBAL COLON','N/A',0,NULL,'N/A','N/A','N/A','N/A',0,'N/A',0,'N/A','PILAR CASELLAS','N/A',NULL,'N/A',NULL,NULL,0,'N/A','N/A','N/A',0,'N/A',NULL,'N/A',0,'pz2sjk4wt9',28,3,0,0,'N/A',0,NULL,'2014-02-17 22:08:02','2014-02-17 22:08:02'),(88,'TC0079','N/A','JOSE MARIA LICEAGA','N/A',0,NULL,'N/A','N/A','N/A','N/A',0,'N/A',0,'N/A','ALBERTINA CASTAÑON','N/A',NULL,'N/A',NULL,NULL,0,'N/A','N/A','N/A',0,'N/A',NULL,'N/A',0,'5hx23kz6wu',28,3,0,0,'N/A',0,NULL,'2014-02-17 22:08:02','2014-02-17 22:08:02'),(89,'TC0080','N/A','UNAM','N/A',0,NULL,'N/A','N/A','N/A','N/A',0,'N/A',0,'N/A','JUAN MANUEL CASTILLEJOS ','N/A',NULL,'N/A',NULL,NULL,0,'N/A','N/A','N/A',0,'N/A',NULL,'N/A',0,'phoxyb9h40',28,3,0,0,'N/A',0,NULL,'2014-02-17 22:08:02','2014-02-17 22:08:02'),(90,'TC0081','N/A','FORMACION DIGITAL','N/A',0,NULL,'N/A','N/A','N/A','N/A',0,'N/A',0,'N/A','FERNANDO  CASTILLO ','N/A',NULL,'N/A',NULL,NULL,0,'N/A','N/A','N/A',0,'N/A',NULL,'N/A',0,'fonvaw8r2z',28,3,0,0,'N/A',0,NULL,'2014-02-17 22:08:02','2014-02-17 22:08:02'),(91,'TC0082','N/A','CENTRO OLIVAR','N/A',0,NULL,'N/A','N/A','N/A','N/A',0,'N/A',0,'N/A','DANAE CATALAN','N/A',NULL,'N/A',NULL,NULL,0,'N/A','N/A','N/A',0,'N/A',NULL,'N/A',0,'cfbffg1ycf',28,3,0,0,'N/A',0,NULL,'2014-02-17 22:08:02','2014-02-17 22:08:02'),(92,'TC0083','N/A','ILCE','N/A',0,NULL,'N/A','N/A','N/A','N/A',0,'N/A',0,'N/A','JAVIER CAVAZOS','N/A',NULL,'N/A',NULL,NULL,0,'N/A','N/A','N/A',0,'N/A',NULL,'N/A',0,'hovtgjw37k',28,3,0,0,'N/A',0,NULL,'2014-02-17 22:08:02','2014-02-17 22:08:02'),(93,'TC0084','N/A','ITES ECATEPEC','N/A',0,NULL,'N/A','N/A','N/A','N/A',0,'N/A',0,'N/A','CARLOS MARIO CERRA','N/A',NULL,'N/A',NULL,NULL,0,'N/A','N/A','N/A',0,'N/A',NULL,'N/A',0,'ic1wi4nqhf',28,3,0,0,'N/A',0,NULL,'2014-02-17 22:08:02','2014-02-17 22:08:02'),(94,'TC0085','N/A','IPN','N/A',0,NULL,'N/A','N/A','N/A','N/A',0,'N/A',0,'N/A','LUIS EDUARDO  CERVANTES ','N/A',NULL,'N/A',NULL,NULL,0,'N/A','N/A','N/A',0,'N/A',NULL,'N/A',0,'n2x99nx72t',28,3,0,0,'N/A',0,NULL,'2014-02-17 22:08:02','2014-02-17 22:08:02'),(95,'TC0086','N/A','ESC. INTERNACIONAL','N/A',0,NULL,'N/A','N/A','N/A','N/A',0,'N/A',0,'N/A','JORGE CHAPARRO','N/A',NULL,'N/A',NULL,NULL,0,'N/A','N/A','N/A',0,'N/A',NULL,'N/A',0,'l721f3nhhx',28,3,0,0,'N/A',0,NULL,'2014-02-17 22:08:02','2014-02-17 22:08:02'),(96,'TC0087','N/A','PART','N/A',0,NULL,'N/A','N/A','N/A','N/A',0,'N/A',0,'N/A','ROLANDO CHAVEZ','N/A',NULL,'N/A',NULL,NULL,0,'N/A','N/A','N/A',0,'N/A',NULL,'N/A',0,'bsx24j188k',28,3,0,0,'N/A',0,NULL,'2014-02-17 22:08:02','2014-02-17 22:08:02'),(97,'TC0088','N/A','UNAM','N/A',0,NULL,'N/A','N/A','N/A','N/A',0,'N/A',0,'N/A','GUILLERMO  CHAVEZ','N/A',NULL,'N/A',NULL,NULL,0,'N/A','N/A','N/A',0,'N/A',NULL,'N/A',0,'e40z95qsu8',28,3,0,0,'N/A',0,NULL,'2014-02-17 22:08:02','2014-02-17 22:08:02'),(98,'TC0089','N/A','UNIV. ANAHUAC','N/A',0,NULL,'N/A','N/A','N/A','N/A',0,'N/A',0,'N/A','IXTCHELL MEDE CHÁVEZ','N/A',NULL,'N/A',NULL,NULL,0,'N/A','N/A','N/A',0,'N/A',NULL,'N/A',0,'n2wlk5l4p0',28,3,0,0,'N/A',0,NULL,'2014-02-17 22:08:02','2014-02-17 22:08:02'),(99,'TC0090','N/A','LA SALLE DE SEGLARES','N/A',0,NULL,'N/A','N/A','N/A','N/A',0,'N/A',0,'N/A','JOSE ANTONIO CHINOS','N/A',NULL,'N/A',NULL,NULL,0,'N/A','N/A','N/A',0,'N/A',NULL,'N/A',0,'6w16hx011a',28,3,0,0,'N/A',0,NULL,'2014-02-17 22:08:02','2014-02-17 22:08:02'),(100,'TC0091','N/A','LA SALLE DE SEGLARES','N/A',0,NULL,'N/A','N/A','N/A','N/A',0,'N/A',0,'N/A','PATRICIA CHINOS','N/A',NULL,'N/A',NULL,NULL,0,'N/A','N/A','N/A',0,'N/A',NULL,'N/A',0,'7dupeuu45w',28,3,0,0,'N/A',0,NULL,'2014-02-17 22:08:02','2014-02-17 22:08:02'),(101,'TC0092','N/A','UNAM','N/A',0,NULL,'N/A','N/A','N/A','N/A',0,'N/A',0,'N/A','PAULINA CLARES','N/A',NULL,'N/A',NULL,NULL,0,'N/A','N/A','N/A',0,'N/A',NULL,'N/A',0,'x9y481pl3q',28,3,0,0,'N/A',0,NULL,'2014-02-17 22:08:03','2014-02-17 22:08:03'),(102,'TC0093','N/A','FRANCES PEDREGAL','N/A',0,NULL,'N/A','N/A','N/A','N/A',0,'N/A',0,'N/A','MAURICIO COBARRUBIAS','N/A',NULL,'N/A',NULL,NULL,0,'N/A','N/A','N/A',0,'N/A',NULL,'N/A',0,'usvflhr4n1',28,3,0,0,'N/A',0,NULL,'2014-02-17 22:08:03','2014-02-17 22:08:03'),(103,'TC0094','N/A','UNAM','N/A',0,NULL,'N/A','N/A','N/A','N/A',0,'N/A',0,'N/A','CECILIA CONROY','N/A',NULL,'N/A',NULL,NULL,0,'N/A','N/A','N/A',0,'N/A',NULL,'N/A',0,'4w5tr9ubmx',28,3,0,0,'N/A',0,NULL,'2014-02-17 22:08:03','2014-02-17 22:08:03'),(104,'TC0095','N/A','CECATEM','N/A',0,NULL,'N/A','N/A','N/A','N/A',0,'N/A',0,'N/A','JAVIER CONTRERAS','N/A',NULL,'N/A',NULL,NULL,0,'N/A','N/A','N/A',0,'N/A',NULL,'N/A',0,'wworb3qi8s',28,3,0,0,'N/A',0,NULL,'2014-02-17 22:08:03','2014-02-17 22:08:03'),(105,'TC0096','N/A','CENT.CAP.TEC EDO MEX','N/A',0,NULL,'N/A','N/A','N/A','N/A',0,'N/A',0,'N/A','HECTOR  CONTRERAS','N/A',NULL,'N/A',NULL,NULL,0,'N/A','N/A','N/A',0,'N/A',NULL,'N/A',0,'1zhxui0xoy',28,3,0,0,'N/A',0,NULL,'2014-02-17 22:08:03','2014-02-17 22:08:03'),(106,'TC0097','N/A','UNIVDEP','N/A',0,NULL,'N/A','N/A','N/A','N/A',0,'N/A',0,'N/A','JORGE ADOLFO CORONA','N/A',NULL,'N/A',NULL,NULL,0,'N/A','N/A','N/A',0,'N/A',NULL,'N/A',0,'6h8rzt54ek',28,3,0,0,'N/A',0,NULL,'2014-02-17 22:08:03','2014-02-17 22:08:03'),(107,'TC0098','N/A','INTTELMEX','N/A',0,NULL,'N/A','N/A','N/A','N/A',0,'N/A',0,'N/A','JULIAN SERGIO CORTE','N/A',NULL,'N/A',NULL,NULL,0,'N/A','N/A','N/A',0,'N/A',NULL,'N/A',0,'bgng0euo3y',28,3,0,0,'N/A',0,NULL,'2014-02-17 22:08:03','2014-02-17 22:08:03'),(108,'TC0099','N/A','C.B. POWELL','N/A',0,NULL,'N/A','N/A','N/A','N/A',0,'N/A',0,'N/A','CESAR CORTES','N/A',NULL,'N/A',NULL,NULL,0,'N/A','N/A','N/A',0,'N/A',NULL,'N/A',0,'qyd8vjkfw3',28,3,0,0,'N/A',0,NULL,'2014-02-17 22:08:03','2014-02-17 22:08:03'),(109,'TC0100','N/A','CIENCIAS RELIGIOSAS','N/A',0,NULL,'N/A','N/A','N/A','N/A',0,'N/A',0,'N/A','CARLOS CORTES','N/A',NULL,'N/A',NULL,NULL,0,'N/A','N/A','N/A',0,'N/A',NULL,'N/A',0,'q9xjeq3dcx',28,3,0,0,'N/A',0,NULL,'2014-02-17 22:08:03','2014-02-17 22:08:03'),(110,'TC0101','N/A','ALBERT EINSTEIN','N/A',0,NULL,'N/A','N/A','N/A','N/A',0,'N/A',0,'N/A','JOSE CORTEZ','N/A',NULL,'N/A',NULL,NULL,0,'N/A','N/A','N/A',0,'N/A',NULL,'N/A',0,'eohvhnq70x',28,3,0,0,'N/A',0,NULL,'2014-02-17 22:08:03','2014-02-17 22:08:03'),(111,'TC0102','N/A','FLACSO','N/A',0,NULL,'N/A','N/A','N/A','N/A',0,'N/A',0,'N/A','ANTONIO COYOTE','N/A',NULL,'N/A',NULL,NULL,0,'N/A','N/A','N/A',0,'N/A',NULL,'N/A',0,'6p8azpi1ym',28,3,0,0,'N/A',0,NULL,'2014-02-17 22:08:03','2014-02-17 22:08:03'),(112,'TC0103','N/A','INAP','N/A',0,NULL,'N/A','N/A','N/A','N/A',0,'N/A',0,'N/A','BENJAMIN  CRUZ','N/A',NULL,'N/A',NULL,NULL,0,'N/A','N/A','N/A',0,'N/A',NULL,'N/A',0,'lzbbda1awq',28,3,0,0,'N/A',0,NULL,'2014-02-17 22:08:03','2014-02-17 22:08:03'),(113,'TC0104','N/A','IPN','N/A',0,NULL,'N/A','N/A','N/A','N/A',0,'N/A',0,'N/A','ELVIA CRUZ','N/A',NULL,'N/A',NULL,NULL,0,'N/A','N/A','N/A',0,'N/A',NULL,'N/A',0,'en5x72jg9m',28,3,0,0,'N/A',0,NULL,'2014-02-17 22:08:03','2014-02-17 22:08:03'),(114,'TC0105','N/A','CINVESTAV','N/A',0,NULL,'N/A','N/A','N/A','N/A',0,'N/A',0,'N/A','JAZMIN VERONICA CRUZ ','N/A',NULL,'N/A',NULL,NULL,0,'N/A','N/A','N/A',0,'N/A',NULL,'N/A',0,'02yhyld2wj',28,3,0,0,'N/A',0,NULL,'2014-02-17 22:08:03','2014-02-17 22:08:03'),(115,'TC0106','N/A','UNAM','N/A',0,NULL,'N/A','N/A','N/A','N/A',0,'N/A',0,'N/A','ALEJANDRO CRUZ ','N/A',NULL,'N/A',NULL,NULL,0,'N/A','N/A','N/A',0,'N/A',NULL,'N/A',0,'kz3hf8h1ng',28,3,0,0,'N/A',0,NULL,'2014-02-17 22:08:03','2014-02-17 22:08:03'),(116,'TC0107','N/A','UTFV','N/A',0,NULL,'N/A','N/A','N/A','N/A',0,'N/A',0,'N/A','VIANEY GISELA CRUZ ','N/A',NULL,'N/A',NULL,NULL,0,'N/A','N/A','N/A',0,'N/A',NULL,'N/A',0,'047aetl6yp',28,3,0,0,'N/A',0,NULL,'2014-02-17 22:08:03','2014-02-17 22:08:03'),(117,'TC0108','N/A','UPN','N/A',0,NULL,'N/A','N/A','N/A','N/A',0,'N/A',0,'N/A','LESLY ALINE CUESTA','N/A',NULL,'N/A',NULL,NULL,0,'N/A','N/A','N/A',0,'N/A',NULL,'N/A',0,'qqtuilhemh',28,3,0,0,'N/A',0,NULL,'2014-02-17 22:08:03','2014-02-17 22:08:03'),(118,'TC0109','N/A','ESCUELA TABASCO','N/A',0,NULL,'N/A','N/A','N/A','N/A',0,'N/A',0,'N/A','GUILLERMO CURIEL','N/A',NULL,'N/A',NULL,NULL,0,'N/A','N/A','N/A',0,'N/A',NULL,'N/A',0,'sks27qjj6r',28,3,0,0,'N/A',0,NULL,'2014-02-17 22:08:03','2014-02-17 22:08:03'),(119,'TC0110','N/A','AMERICANO TABASCO','N/A',0,NULL,'N/A','N/A','N/A','N/A',0,'N/A',0,'N/A','ERNESTO DE LA CRUZ ','N/A',NULL,'N/A',NULL,NULL,0,'N/A','N/A','N/A',0,'N/A',NULL,'N/A',0,'nhdt4g6afy',28,3,0,0,'N/A',0,NULL,'2014-02-17 22:08:03','2014-02-17 22:08:03'),(120,'TC0111','N/A','UNAM','N/A',0,NULL,'N/A','N/A','N/A','N/A',0,'N/A',0,'N/A','PABLO  DE LA O ','N/A',NULL,'N/A',NULL,NULL,0,'N/A','N/A','N/A',0,'N/A',NULL,'N/A',0,'a14upchfyh',28,3,0,0,'N/A',0,NULL,'2014-02-17 22:08:03','2014-02-17 22:08:03'),(121,'TC0112','N/A','UPN','N/A',0,NULL,'N/A','N/A','N/A','N/A',0,'N/A',0,'N/A','CARLOS OMAR DE LA ROSA','N/A',NULL,'N/A',NULL,NULL,0,'N/A','N/A','N/A',0,'N/A',NULL,'N/A',0,'5eers9qk6b',28,3,0,0,'N/A',0,NULL,'2014-02-17 22:08:03','2014-02-17 22:08:03'),(122,'TC0113','N/A','CASTILLO DE ARENA','N/A',0,NULL,'N/A','N/A','N/A','N/A',0,'N/A',0,'N/A','IVONNE DE LA VEGA','N/A',NULL,'N/A',NULL,NULL,0,'N/A','N/A','N/A',0,'N/A',NULL,'N/A',0,'nfrbrf0zxz',28,3,0,0,'N/A',0,NULL,'2014-02-17 22:08:03','2014-02-17 22:08:03'),(123,'TC0114','N/A','UPN','N/A',0,NULL,'N/A','N/A','N/A','N/A',0,'N/A',0,'N/A','FELIX AMADO DE LEON','N/A',NULL,'N/A',NULL,NULL,0,'N/A','N/A','N/A',0,'N/A',NULL,'N/A',0,'21ncxebld4',28,3,0,0,'N/A',0,NULL,'2014-02-17 22:08:03','2014-02-17 22:08:03'),(124,'TC0115','N/A','UNAM','N/A',0,NULL,'N/A','N/A','N/A','N/A',0,'N/A',0,'N/A','ANA LAURA DE PALACIO','N/A',NULL,'N/A',NULL,NULL,0,'N/A','N/A','N/A',0,'N/A',NULL,'N/A',0,'sgqkl3lauh',28,3,0,0,'N/A',0,NULL,'2014-02-17 22:08:03','2014-02-17 22:08:03'),(125,'TC0116','N/A','UAM','N/A',0,NULL,'N/A','N/A','N/A','N/A',0,'N/A',0,'N/A','JACOBO DEL RIO','N/A',NULL,'N/A',NULL,NULL,0,'N/A','N/A','N/A',0,'N/A',NULL,'N/A',0,'cat0dygwsr',28,3,0,0,'N/A',0,NULL,'2014-02-17 22:08:03','2014-02-17 22:08:03'),(126,'TC0117','N/A','UVM','N/A',0,NULL,'N/A','N/A','N/A','N/A',0,'N/A',0,'N/A','MARIO ALBERTO DELGADO','N/A',NULL,'N/A',NULL,NULL,0,'N/A','N/A','N/A',0,'N/A',NULL,'N/A',0,'bi20vtwsp4',28,3,0,0,'N/A',0,NULL,'2014-02-17 22:08:03','2014-02-17 22:08:03'),(127,'TC0118','N/A','ASOC. MEXICO CENTRAL','N/A',0,NULL,'N/A','N/A','N/A','N/A',0,'N/A',0,'N/A','TARCISIO CRUZALEY DIAZ','N/A',NULL,'N/A',NULL,NULL,0,'N/A','N/A','N/A',0,'N/A',NULL,'N/A',0,'ygqcqan1zg',28,3,0,0,'N/A',0,NULL,'2014-02-17 22:08:03','2014-02-17 22:08:03'),(128,'TC0119','N/A','C.E.O. EST. SAN ANGEL','N/A',0,NULL,'N/A','N/A','N/A','N/A',0,'N/A',0,'N/A','GABRIEL DIAZ','N/A',NULL,'N/A',NULL,NULL,0,'N/A','N/A','N/A',0,'N/A',NULL,'N/A',0,'mmkh1cdq8i',28,3,0,0,'N/A',0,NULL,'2014-02-17 22:08:03','2014-02-17 22:08:03'),(129,'TC0120','N/A','ITESM','N/A',0,NULL,'N/A','N/A','N/A','N/A',0,'N/A',0,'N/A','JAIRO DIAZ','N/A',NULL,'N/A',NULL,NULL,0,'N/A','N/A','N/A',0,'N/A',NULL,'N/A',0,'ewqm46jxt1',28,3,0,0,'N/A',0,NULL,'2014-02-17 22:08:03','2014-02-17 22:08:03'),(130,'TC0121','N/A','TECHNOPOLI','N/A',0,NULL,'N/A','N/A','N/A','N/A',0,'N/A',0,'N/A','BRENDA YAZMIN DIAZ','N/A',NULL,'N/A',NULL,NULL,0,'N/A','N/A','N/A',0,'N/A',NULL,'N/A',0,'sy05klf8ed',28,3,0,0,'N/A',0,NULL,'2014-02-17 22:08:03','2014-02-17 22:08:03'),(131,'TC0122','N/A','TECNOL. TLALNEPANTLA','N/A',0,NULL,'N/A','N/A','N/A','N/A',0,'N/A',0,'N/A','HILDA DIAZ','N/A',NULL,'N/A',NULL,NULL,0,'N/A','N/A','N/A',0,'N/A',NULL,'N/A',0,'ni17h4svyi',28,3,0,0,'N/A',0,NULL,'2014-02-17 22:08:03','2014-02-17 22:08:03'),(132,'TC0123','N/A','TECNOL. TLALNEPANTLA','N/A',0,NULL,'N/A','N/A','N/A','N/A',0,'N/A',0,'N/A','ILDA DIAZ','N/A',NULL,'N/A',NULL,NULL,0,'N/A','N/A','N/A',0,'N/A',NULL,'N/A',0,'nme25bkiew',28,3,0,0,'N/A',0,NULL,'2014-02-17 22:08:04','2014-02-17 22:08:04'),(133,'TC0124','N/A','CEYCA','N/A',0,NULL,'N/A','N/A','N/A','N/A',0,'N/A',0,'N/A','ANGELES DIAZ ','N/A',NULL,'N/A',NULL,NULL,0,'N/A','N/A','N/A',0,'N/A',NULL,'N/A',0,'vy18c0kq5y',28,3,0,0,'N/A',0,NULL,'2014-02-17 22:08:04','2014-02-17 22:08:04'),(134,'TC0125','N/A','IPN','N/A',0,NULL,'N/A','N/A','N/A','N/A',0,'N/A',0,'N/A','XOCHITL  DIAZ ','N/A',NULL,'N/A',NULL,NULL,0,'N/A','N/A','N/A',0,'N/A',NULL,'N/A',0,'ehhcp1cbfz',28,3,0,0,'N/A',0,NULL,'2014-02-17 22:08:04','2014-02-17 22:08:04'),(135,'TC0126','N/A','IPN','N/A',0,NULL,'N/A','N/A','N/A','N/A',0,'N/A',0,'N/A','EUSEBIO ANDRES  DOMINGUEZ ','N/A',NULL,'N/A',NULL,NULL,0,'N/A','N/A','N/A',0,'N/A',NULL,'N/A',0,'yn6b57d7hb',28,3,0,0,'N/A',0,NULL,'2014-02-17 22:08:04','2014-02-17 22:08:04'),(136,'TC0127','N/A','UTTECAMAC','N/A',0,NULL,'N/A','N/A','N/A','N/A',0,'N/A',0,'N/A','ISABEL DORANTES','N/A',NULL,'N/A',NULL,NULL,0,'N/A','N/A','N/A',0,'N/A',NULL,'N/A',0,'5cn7clk58t',28,3,0,0,'N/A',0,NULL,'2014-02-17 22:08:04','2014-02-17 22:08:04'),(137,'TC0128','N/A','LATINOAMERICANA','N/A',0,NULL,'N/A','N/A','N/A','N/A',0,'N/A',0,'N/A','EDGAR DURAN','N/A',NULL,'N/A',NULL,NULL,0,'N/A','N/A','N/A',0,'N/A',NULL,'N/A',0,'lf6vfo14gp',28,3,0,0,'N/A',0,NULL,'2014-02-17 22:08:04','2014-02-17 22:08:04'),(138,'TC0129','N/A','NUEVO CONTINENTE','N/A',0,NULL,'N/A','N/A','N/A','N/A',0,'N/A',0,'N/A','RICARDO DURAN ','N/A',NULL,'N/A',NULL,NULL,0,'N/A','N/A','N/A',0,'N/A',NULL,'N/A',0,'wa2ta4r728',28,3,0,0,'N/A',0,NULL,'2014-02-17 22:08:04','2014-02-17 22:08:04'),(139,'TC0130','N/A','PART','N/A',0,NULL,'N/A','N/A','N/A','N/A',0,'N/A',0,'N/A','JOSE ELEAZAR','N/A',NULL,'N/A',NULL,NULL,0,'N/A','N/A','N/A',0,'N/A',NULL,'N/A',0,'ayv1lqgirq',28,3,0,0,'N/A',0,NULL,'2014-02-17 22:08:04','2014-02-17 22:08:04'),(140,'TC0131','N/A','ATENCION INTEGRAL','N/A',0,NULL,'N/A','N/A','N/A','N/A',0,'N/A',0,'N/A','MATILDE  ENCISO','N/A',NULL,'N/A',NULL,NULL,0,'N/A','N/A','N/A',0,'N/A',NULL,'N/A',0,'vuniu4wynr',28,3,0,0,'N/A',0,NULL,'2014-02-17 22:08:04','2014-02-17 22:08:04'),(141,'TC0132','N/A','UNAM','N/A',0,NULL,'N/A','N/A','N/A','N/A',0,'N/A',0,'N/A','LARISA ENRIQUEZ','N/A',NULL,'N/A',NULL,NULL,0,'N/A','N/A','N/A',0,'N/A',NULL,'N/A',0,'mprz8ljq0t',28,3,0,0,'N/A',0,NULL,'2014-02-17 22:08:04','2014-02-17 22:08:04'),(142,'TC0133','N/A','UNAM','N/A',0,NULL,'N/A','N/A','N/A','N/A',0,'N/A',0,'N/A','KARLA ERAZO','N/A',NULL,'N/A',NULL,NULL,0,'N/A','N/A','N/A',0,'N/A',NULL,'N/A',0,'4wtcf2inai',28,3,0,0,'N/A',0,NULL,'2014-02-17 22:08:04','2014-02-17 22:08:04'),(143,'TC0134','N/A','INST. EDUC. OLINCA','N/A',0,NULL,'N/A','N/A','N/A','N/A',0,'N/A',0,'N/A','ROQUE ESCALANTE','N/A',NULL,'N/A',NULL,NULL,0,'N/A','N/A','N/A',0,'N/A',NULL,'N/A',0,'auifppg9jz',28,3,0,0,'N/A',0,NULL,'2014-02-17 22:08:04','2014-02-17 22:08:04'),(144,'TC0135','N/A','INSTITUTO GODWIN','N/A',0,NULL,'N/A','N/A','N/A','N/A',0,'N/A',0,'N/A','VERONICA ESCOBAR','N/A',NULL,'N/A',NULL,NULL,0,'N/A','N/A','N/A',0,'N/A',NULL,'N/A',0,'t72r9vjtof',28,3,0,0,'N/A',0,NULL,'2014-02-17 22:08:04','2014-02-17 22:08:04'),(145,'TC0136','N/A','IPN','N/A',0,NULL,'N/A','N/A','N/A','N/A',0,'N/A',0,'N/A','ROCIO  ESPARZA ','N/A',NULL,'N/A',NULL,NULL,0,'N/A','N/A','N/A',0,'N/A',NULL,'N/A',0,'47jnskmt7w',28,3,0,0,'N/A',0,NULL,'2014-02-17 22:08:04','2014-02-17 22:08:04'),(146,'TC0137','N/A','C. E. CIENCIAS COMUN.','N/A',0,NULL,'N/A','N/A','N/A','N/A',0,'N/A',0,'N/A','ALEJANDRO  ESPINOSA','N/A',NULL,'N/A',NULL,NULL,0,'N/A','N/A','N/A',0,'N/A',NULL,'N/A',0,'v27msmiqpn',28,3,0,0,'N/A',0,NULL,'2014-02-17 22:08:04','2014-02-17 22:08:04'),(147,'TC0138','N/A','INAP','N/A',0,NULL,'N/A','N/A','N/A','N/A',0,'N/A',0,'N/A','PEDRO ESPINOSA ','N/A',NULL,'N/A',NULL,NULL,0,'N/A','N/A','N/A',0,'N/A',NULL,'N/A',0,'s6ypyrnqq8',28,3,0,0,'N/A',0,NULL,'2014-02-17 22:08:04','2014-02-17 22:08:04'),(148,'TC0139','N/A','ESC. INTERNACIONAL','N/A',0,NULL,'N/A','N/A','N/A','N/A',0,'N/A',0,'N/A','MANUEL  ESPINOZA ','N/A',NULL,'N/A',NULL,NULL,0,'N/A','N/A','N/A',0,'N/A',NULL,'N/A',0,'zhb3k4er45',28,3,0,0,'N/A',0,NULL,'2014-02-17 22:08:04','2014-02-17 22:08:04'),(149,'TC0140','N/A','CENTRO OLIVAR','N/A',0,NULL,'N/A','N/A','N/A','N/A',0,'N/A',0,'N/A','MARIA DE LAS MERCEDES  ESQUIVEL','N/A',NULL,'N/A',NULL,NULL,0,'N/A','N/A','N/A',0,'N/A',NULL,'N/A',0,'shjlwcvq3w',28,3,0,0,'N/A',0,NULL,'2014-02-17 22:08:04','2014-02-17 22:08:04'),(150,'TC0141','N/A','UNAM','N/A',0,NULL,'N/A','N/A','N/A','N/A',0,'N/A',0,'N/A','JESUS ESQUIVEL ','N/A',NULL,'N/A',NULL,NULL,0,'N/A','N/A','N/A',0,'N/A',NULL,'N/A',0,'n0lu47i0e7',28,3,0,0,'N/A',0,NULL,'2014-02-17 22:08:04','2014-02-17 22:08:04'),(151,'TC0142','N/A','LA SALLE','N/A',0,NULL,'N/A','N/A','N/A','N/A',0,'N/A',0,'N/A','IZCOATL ARMANDO ESTAÑOL','N/A',NULL,'N/A',NULL,NULL,0,'N/A','N/A','N/A',0,'N/A',NULL,'N/A',0,'04mckh8beq',28,3,0,0,'N/A',0,NULL,'2014-02-17 22:08:04','2014-02-17 22:08:04'),(152,'TC0143','N/A','INAP','N/A',0,NULL,'N/A','N/A','N/A','N/A',0,'N/A',0,'N/A','GIOVANNA  ESTEVEZ','N/A',NULL,'N/A',NULL,NULL,0,'N/A','N/A','N/A',0,'N/A',NULL,'N/A',0,'9b5sd3msoj',28,3,0,0,'N/A',0,NULL,'2014-02-17 22:08:04','2014-02-17 22:08:04'),(153,'TC0144','N/A','UNAM','N/A',0,NULL,'N/A','N/A','N/A','N/A',0,'N/A',0,'N/A','EDUARDO  ESTRADA','N/A',NULL,'N/A',NULL,NULL,0,'N/A','N/A','N/A',0,'N/A',NULL,'N/A',0,'5izrbe8lds',28,3,0,0,'N/A',0,NULL,'2014-02-17 22:08:04','2014-02-17 22:08:04'),(154,'TC0145','N/A','COL. EMILIO CARRANZA','N/A',0,NULL,'N/A','N/A','N/A','N/A',0,'N/A',0,'N/A','VANESSA ESTRADA ','N/A',NULL,'N/A',NULL,NULL,0,'N/A','N/A','N/A',0,'N/A',NULL,'N/A',0,'3um9grsrhs',28,3,0,0,'N/A',0,NULL,'2014-02-17 22:08:04','2014-02-17 22:08:04'),(155,'TC0146','N/A','UNAM','N/A',0,NULL,'N/A','N/A','N/A','N/A',0,'N/A',0,'N/A','NUBIA FERNANDEZ','N/A',NULL,'N/A',NULL,NULL,0,'N/A','N/A','N/A',0,'N/A',NULL,'N/A',0,'71gn32kw2p',28,3,0,0,'N/A',0,NULL,'2014-02-17 22:08:04','2014-02-17 22:08:04'),(156,'TC0147','N/A','UNIV. HEBRAICA','N/A',0,NULL,'N/A','N/A','N/A','N/A',0,'N/A',0,'N/A','MARI CARMEN FERNANDEZ','N/A',NULL,'N/A',NULL,NULL,0,'N/A','N/A','N/A',0,'N/A',NULL,'N/A',0,'ixw8rf0mu9',28,3,0,0,'N/A',0,NULL,'2014-02-17 22:08:04','2014-02-17 22:08:04'),(157,'TC0148','N/A','UNIV. SIMON BOLIVAR','N/A',0,NULL,'N/A','N/A','N/A','N/A',0,'N/A',0,'N/A','ADRIANA FERNANDEZ','N/A',NULL,'N/A',NULL,NULL,0,'N/A','N/A','N/A',0,'N/A',NULL,'N/A',0,'sbvvpy7tsy',28,3,0,0,'N/A',0,NULL,'2014-02-17 22:08:04','2014-02-17 22:08:04'),(158,'TC0149','N/A','ILCE','N/A',0,NULL,'N/A','N/A','N/A','N/A',0,'N/A',0,'N/A','JESUS VICENTE FLORES','N/A',NULL,'N/A',NULL,NULL,0,'N/A','N/A','N/A',0,'N/A',NULL,'N/A',0,'9n8hz5ukh5',28,3,0,0,'N/A',0,NULL,'2014-02-17 22:08:04','2014-02-17 22:08:04'),(159,'TC0150','N/A','IPN','N/A',0,NULL,'N/A','N/A','N/A','N/A',0,'N/A',0,'N/A','JUAN CARLOS FLORES','N/A',NULL,'N/A',NULL,NULL,0,'N/A','N/A','N/A',0,'N/A',NULL,'N/A',0,'t475mmwr9v',28,3,0,0,'N/A',0,NULL,'2014-02-17 22:08:04','2014-02-17 22:08:04'),(160,'TC0151','N/A','IPN','N/A',0,NULL,'N/A','N/A','N/A','N/A',0,'N/A',0,'N/A','MARIA DE LOS ANGELES FLORES','N/A',NULL,'N/A',NULL,NULL,0,'N/A','N/A','N/A',0,'N/A',NULL,'N/A',0,'pa5fiil45x',28,3,0,0,'N/A',0,NULL,'2014-02-17 22:08:04','2014-02-17 22:08:04'),(161,'TC0152','N/A','TECNOL. TLALNEPANTLA','N/A',0,NULL,'N/A','N/A','N/A','N/A',0,'N/A',0,'N/A','HECTOR ULISES FLORES','N/A',NULL,'N/A',NULL,NULL,0,'N/A','N/A','N/A',0,'N/A',NULL,'N/A',0,'befu9ea2o6',28,3,0,0,'N/A',0,NULL,'2014-02-17 22:08:04','2014-02-17 22:08:04'),(162,'TC0153','N/A','TEPEYAC ESTRELLA','N/A',0,NULL,'N/A','N/A','N/A','N/A',0,'N/A',0,'N/A','MIGUEL ANGEL FLORES','N/A',NULL,'N/A',NULL,NULL,0,'N/A','N/A','N/A',0,'N/A',NULL,'N/A',0,'i6540ic2eh',28,3,0,0,'N/A',0,NULL,'2014-02-17 22:08:04','2014-02-17 22:08:04'),(163,'TC0154','N/A','UPN','N/A',0,NULL,'N/A','N/A','N/A','N/A',0,'N/A',0,'N/A','OMAR FLORES','N/A',NULL,'N/A',NULL,NULL,0,'N/A','N/A','N/A',0,'N/A',NULL,'N/A',0,'ps0fk9kbtq',28,3,0,0,'N/A',0,NULL,'2014-02-17 22:08:04','2014-02-17 22:08:04'),(164,'TC0155','N/A','INTERCONTINENTAL','N/A',0,NULL,'N/A','N/A','N/A','N/A',0,'N/A',0,'N/A','SERGIO FONSECA','N/A',NULL,'N/A',NULL,NULL,0,'N/A','N/A','N/A',0,'N/A',NULL,'N/A',0,'0zt2vitxbk',28,3,0,0,'N/A',0,NULL,'2014-02-17 22:08:04','2014-02-17 22:08:04'),(165,'TC0156','N/A','ITAM','N/A',0,NULL,'N/A','N/A','N/A','N/A',0,'N/A',0,'N/A','UCIEL FRAGOSO','N/A',NULL,'N/A',NULL,NULL,0,'N/A','N/A','N/A',0,'N/A',NULL,'N/A',0,'8qh3glgsct',28,3,0,0,'N/A',0,NULL,'2014-02-17 22:08:04','2014-02-17 22:08:04'),(166,'TC0157','N/A','INAH','N/A',0,NULL,'N/A','N/A','N/A','N/A',0,'N/A',0,'N/A','GABRIEL FRANCIA','N/A',NULL,'N/A',NULL,NULL,0,'N/A','N/A','N/A',0,'N/A',NULL,'N/A',0,'qi9q5xisdv',28,3,0,0,'N/A',0,NULL,'2014-02-17 22:08:04','2014-02-17 22:08:04'),(167,'TC0158','N/A','ITAM','N/A',0,NULL,'N/A','N/A','N/A','N/A',0,'N/A',0,'N/A','ANA LIDIA FRANZONI','N/A',NULL,'N/A',NULL,NULL,0,'N/A','N/A','N/A',0,'N/A',NULL,'N/A',0,'v96fcepwhs',28,3,0,0,'N/A',0,NULL,'2014-02-17 22:08:05','2014-02-17 22:08:05'),(168,'TC0159','N/A','UNAM','N/A',0,NULL,'N/A','N/A','N/A','N/A',0,'N/A',0,'N/A','EDCEL FUERTE ','N/A',NULL,'N/A',NULL,NULL,0,'N/A','N/A','N/A',0,'N/A',NULL,'N/A',0,'cnw3om2d4t',28,3,0,0,'N/A',0,NULL,'2014-02-17 22:08:05','2014-02-17 22:08:05'),(169,'TC0160','N/A','UNAM','N/A',0,NULL,'N/A','N/A','N/A','N/A',0,'N/A',0,'N/A','BERNARDO  GALEANA ','N/A',NULL,'N/A',NULL,NULL,0,'N/A','N/A','N/A',0,'N/A',NULL,'N/A',0,'q56cqa9r2b',28,3,0,0,'N/A',0,NULL,'2014-02-17 22:08:05','2014-02-17 22:08:05'),(170,'TC0161','N/A','UNAM','N/A',0,NULL,'N/A','N/A','N/A','N/A',0,'N/A',0,'N/A','LAURA GALICIA','N/A',NULL,'N/A',NULL,NULL,0,'N/A','N/A','N/A',0,'N/A',NULL,'N/A',0,'7zbnjued6b',28,3,0,0,'N/A',0,NULL,'2014-02-17 22:08:05','2014-02-17 22:08:05'),(171,'TC0162','N/A','UNID','N/A',0,NULL,'N/A','N/A','N/A','N/A',0,'N/A',0,'N/A','JESSICA IVONNE GALINA','N/A',NULL,'N/A',NULL,NULL,0,'N/A','N/A','N/A',0,'N/A',NULL,'N/A',0,'gak3dqyfbr',28,3,0,0,'N/A',0,NULL,'2014-02-17 22:08:05','2014-02-17 22:08:05'),(172,'TC0163','N/A','ITESM','N/A',0,NULL,'N/A','N/A','N/A','N/A',0,'N/A',0,'N/A','CLAUDIA JULIETA GALINDO','N/A',NULL,'N/A',NULL,NULL,0,'N/A','N/A','N/A',0,'N/A',NULL,'N/A',0,'53krnmjunj',28,3,0,0,'N/A',0,NULL,'2014-02-17 22:08:05','2014-02-17 22:08:05'),(173,'TC0164','N/A','ITESM CAMPUS SUR','N/A',0,NULL,'N/A','N/A','N/A','N/A',0,'N/A',0,'N/A','CLAUDIA GALINDO','N/A',NULL,'N/A',NULL,NULL,0,'N/A','N/A','N/A',0,'N/A',NULL,'N/A',0,'oxfqknf9wp',28,3,0,0,'N/A',0,NULL,'2014-02-17 22:08:05','2014-02-17 22:08:05'),(174,'TC0165','N/A','CONACYT','N/A',0,NULL,'N/A','N/A','N/A','N/A',0,'N/A',0,'N/A','JUAN MANUEL GALLARDO','N/A',NULL,'N/A',NULL,NULL,0,'N/A','N/A','N/A',0,'N/A',NULL,'N/A',0,'4puecmo1xh',28,3,0,0,'N/A',0,NULL,'2014-02-17 22:08:05','2014-02-17 22:08:05'),(175,'TC0166','N/A','INTERCONTINENTAL','N/A',0,NULL,'N/A','N/A','N/A','N/A',0,'N/A',0,'N/A','FIDEL  GALLEGOS','N/A',NULL,'N/A',NULL,NULL,0,'N/A','N/A','N/A',0,'N/A',NULL,'N/A',0,'go49q6opr3',28,3,0,0,'N/A',0,NULL,'2014-02-17 22:08:05','2014-02-17 22:08:05'),(176,'TC0167','N/A','UPN','N/A',0,NULL,'N/A','N/A','N/A','N/A',0,'N/A',0,'N/A','GERARDO GALLEGOS','N/A',NULL,'N/A',NULL,NULL,0,'N/A','N/A','N/A',0,'N/A',NULL,'N/A',0,'22lgbr8jjt',28,3,0,0,'N/A',0,NULL,'2014-02-17 22:08:05','2014-02-17 22:08:05'),(177,'TC0168','N/A','COL. SIMON BOLIVAR','N/A',0,NULL,'N/A','N/A','N/A','N/A',0,'N/A',0,'N/A','MARILU GALVAN','N/A',NULL,'N/A',NULL,NULL,0,'N/A','N/A','N/A',0,'N/A',NULL,'N/A',0,'17acw9qgey',28,3,0,0,'N/A',0,NULL,'2014-02-17 22:08:05','2014-02-17 22:08:05'),(178,'TC0169','N/A','UNID','N/A',0,NULL,'N/A','N/A','N/A','N/A',0,'N/A',0,'N/A','KARLA GALVAN','N/A',NULL,'N/A',NULL,NULL,0,'N/A','N/A','N/A',0,'N/A',NULL,'N/A',0,'2t2vhf1kny',28,3,0,0,'N/A',0,NULL,'2014-02-17 22:08:05','2014-02-17 22:08:05'),(179,'TC0170','N/A','UPN','N/A',0,NULL,'N/A','N/A','N/A','N/A',0,'N/A',0,'N/A','HUMBERTO GALVAN','N/A',NULL,'N/A',NULL,NULL,0,'N/A','N/A','N/A',0,'N/A',NULL,'N/A',0,'wwd0onw1hb',28,3,0,0,'N/A',0,NULL,'2014-02-17 22:08:05','2014-02-17 22:08:05'),(180,'TC0171','N/A','BENJAMIN FRANKLIN','N/A',0,NULL,'N/A','N/A','N/A','N/A',0,'N/A',0,'N/A','ANIBAL GAMBOA','N/A',NULL,'N/A',NULL,NULL,0,'N/A','N/A','N/A',0,'N/A',NULL,'N/A',0,'o5jf1xsg9f',28,3,0,0,'N/A',0,NULL,'2014-02-17 22:08:05','2014-02-17 22:08:05'),(181,'TC0172','N/A','UNAM','N/A',0,NULL,'N/A','N/A','N/A','N/A',0,'N/A',0,'N/A','ARCADIO GAMERO','N/A',NULL,'N/A',NULL,NULL,0,'N/A','N/A','N/A',0,'N/A',NULL,'N/A',0,'p197w3wktt',28,3,0,0,'N/A',0,NULL,'2014-02-17 22:08:05','2014-02-17 22:08:05'),(182,'TC0173','N/A','C.E. COMPUTO CAFETALES','N/A',0,NULL,'N/A','N/A','N/A','N/A',0,'N/A',0,'N/A','JOSE MARIA GARCIA','N/A',NULL,'N/A',NULL,NULL,0,'N/A','N/A','N/A',0,'N/A',NULL,'N/A',0,'gfom9ldmj7',28,3,0,0,'N/A',0,NULL,'2014-02-17 22:08:05','2014-02-17 22:08:05'),(183,'TC0174','N/A','GARCIA ORTEGA IRMA','N/A',0,NULL,'N/A','N/A','N/A','N/A',0,'N/A',0,'N/A','IRMA GARCIA','N/A',NULL,'N/A',NULL,NULL,0,'N/A','N/A','N/A',0,'N/A',NULL,'N/A',0,'n0izzk3nqc',28,3,0,0,'N/A',0,NULL,'2014-02-17 22:08:05','2014-02-17 22:08:05'),(184,'TC0175','N/A','ILCE','N/A',0,NULL,'N/A','N/A','N/A','N/A',0,'N/A',0,'N/A','ALEJANDRO  GARCIA','N/A',NULL,'N/A',NULL,NULL,0,'N/A','N/A','N/A',0,'N/A',NULL,'N/A',0,'apty2iib4w',28,3,0,0,'N/A',0,NULL,'2014-02-17 22:08:05','2014-02-17 22:08:05'),(185,'TC0176','N/A','INST. ESP. EJECUTIVOS','N/A',0,NULL,'N/A','N/A','N/A','N/A',0,'N/A',0,'N/A','FERNANDO GARCIA','N/A',NULL,'N/A',NULL,NULL,0,'N/A','N/A','N/A',0,'N/A',NULL,'N/A',0,'tl2njg6zu2',28,3,0,0,'N/A',0,NULL,'2014-02-17 22:08:05','2014-02-17 22:08:05'),(186,'TC0177','N/A','ITESM','N/A',0,NULL,'N/A','N/A','N/A','N/A',0,'N/A',0,'N/A','CLAUDIA GARCIA','N/A',NULL,'N/A',NULL,NULL,0,'N/A','N/A','N/A',0,'N/A',NULL,'N/A',0,'jl6vby92o0',28,3,0,0,'N/A',0,NULL,'2014-02-17 22:08:05','2014-02-17 22:08:05'),(187,'TC0178','N/A','TEC SANTA FE','N/A',0,NULL,'N/A','N/A','N/A','N/A',0,'N/A',0,'N/A','GUILLERMO  GARCIA','N/A',NULL,'N/A',NULL,NULL,0,'N/A','N/A','N/A',0,'N/A',NULL,'N/A',0,'qshf29ykki',28,3,0,0,'N/A',0,NULL,'2014-02-17 22:08:05','2014-02-17 22:08:05'),(188,'TC0179','N/A','UNIV. MARISTA','N/A',0,NULL,'N/A','N/A','N/A','N/A',0,'N/A',0,'N/A','JAVIER GARCIA','N/A',NULL,'N/A',NULL,NULL,0,'N/A','N/A','N/A',0,'N/A',NULL,'N/A',0,'yr8y8bg73x',28,3,0,0,'N/A',0,NULL,'2014-02-17 22:08:05','2014-02-17 22:08:05'),(189,'TC0180','N/A','UNIV. MARISTA','N/A',0,NULL,'N/A','N/A','N/A','N/A',0,'N/A',0,'N/A','JORGE GARCIA','N/A',NULL,'N/A',NULL,NULL,0,'N/A','N/A','N/A',0,'N/A',NULL,'N/A',0,'u3unuotx6p',28,3,0,0,'N/A',0,NULL,'2014-02-17 22:08:05','2014-02-17 22:08:05'),(190,'TC0181','N/A','UNIV. ORT MEXICO','N/A',0,NULL,'N/A','N/A','N/A','N/A',0,'N/A',0,'N/A','ALFREDO GARCIA','N/A',NULL,'N/A',NULL,NULL,0,'N/A','N/A','N/A',0,'N/A',NULL,'N/A',0,'nw43f88qi5',28,3,0,0,'N/A',0,NULL,'2014-02-17 22:08:05','2014-02-17 22:08:05'),(191,'TC0182','N/A','UNIV. ST JOHNS','N/A',0,NULL,'N/A','N/A','N/A','N/A',0,'N/A',0,'N/A','JAIME  GARCIA','N/A',NULL,'N/A',NULL,NULL,0,'N/A','N/A','N/A',0,'N/A',NULL,'N/A',0,'b6732n7nt7',28,3,0,0,'N/A',0,NULL,'2014-02-17 22:08:05','2014-02-17 22:08:05'),(192,'TC0183','N/A','UNAM','N/A',0,NULL,'N/A','N/A','N/A','N/A',0,'N/A',0,'N/A','ADRIANA GARCIA ','N/A',NULL,'N/A',NULL,NULL,0,'N/A','N/A','N/A',0,'N/A',NULL,'N/A',0,'g3fg6c5ptd',28,3,0,0,'N/A',0,NULL,'2014-02-17 22:08:05','2014-02-17 22:08:05'),(193,'TC0184','N/A','UNAM','N/A',0,NULL,'N/A','N/A','N/A','N/A',0,'N/A',0,'N/A','ALMA ROSA  GARCIA ','N/A',NULL,'N/A',NULL,NULL,0,'N/A','N/A','N/A',0,'N/A',NULL,'N/A',0,'jcfl3loofi',28,3,0,0,'N/A',0,NULL,'2014-02-17 22:08:05','2014-02-17 22:08:05'),(194,'TC0185','N/A','UNAM','N/A',0,NULL,'N/A','N/A','N/A','N/A',0,'N/A',0,'N/A','ROCIO AYME GARCIA ','N/A',NULL,'N/A',NULL,NULL,0,'N/A','N/A','N/A',0,'N/A',NULL,'N/A',0,'vh28lirk43',28,3,0,0,'N/A',0,NULL,'2014-02-17 22:08:05','2014-02-17 22:08:05'),(195,'TC0186','N/A','CONACYT','N/A',0,NULL,'N/A','N/A','N/A','N/A',0,'N/A',0,'N/A','MARCELO GARCIA ','N/A',NULL,'N/A',NULL,NULL,0,'N/A','N/A','N/A',0,'N/A',NULL,'N/A',0,'9rfd0gdl96',28,3,0,0,'N/A',0,NULL,'2014-02-17 22:08:05','2014-02-17 22:08:05'),(196,'TC0187','N/A','TES CHALCO','N/A',0,NULL,'N/A','N/A','N/A','N/A',0,'N/A',0,'N/A','ROBERTO CARLOS GARDUÑO','N/A',NULL,'N/A',NULL,NULL,0,'N/A','N/A','N/A',0,'N/A',NULL,'N/A',0,'rgyiw9kwbp',28,3,0,0,'N/A',0,NULL,'2014-02-17 22:08:05','2014-02-17 22:08:05'),(197,'TC0188','N/A','INAP','N/A',0,NULL,'N/A','N/A','N/A','N/A',0,'N/A',0,'N/A','AXEL GERARDO GARDUÑO ','N/A',NULL,'N/A',NULL,NULL,0,'N/A','N/A','N/A',0,'N/A',NULL,'N/A',0,'k3ven061mh',28,3,0,0,'N/A',0,NULL,'2014-02-17 22:08:05','2014-02-17 22:08:05'),(198,'TC0189','N/A','NORMAL ATIZAPAN','N/A',0,NULL,'N/A','N/A','N/A','N/A',0,'N/A',0,'N/A','SANDY MARIANA  GARDUÑO ','N/A',NULL,'N/A',NULL,NULL,0,'N/A','N/A','N/A',0,'N/A',NULL,'N/A',0,'fq4c3exmbg',28,3,0,0,'N/A',0,NULL,'2014-02-17 22:08:06','2014-02-17 22:08:06'),(199,'TC0190','N/A','IBEROAMERICANA','N/A',0,NULL,'N/A','N/A','N/A','N/A',0,'N/A',0,'N/A','RUBEN  GARDUÑO    ','N/A',NULL,'N/A',NULL,NULL,0,'N/A','N/A','N/A',0,'N/A',NULL,'N/A',0,'jmm0r6xzv3',28,3,0,0,'N/A',0,NULL,'2014-02-17 22:08:06','2014-02-17 22:08:06'),(200,'TC0191','N/A','UAM','N/A',0,NULL,'N/A','N/A','N/A','N/A',0,'N/A',0,'N/A','VICTOR GARRIDO','N/A',NULL,'N/A',NULL,NULL,0,'N/A','N/A','N/A',0,'N/A',NULL,'N/A',0,'hutt7py1j1',28,3,0,0,'N/A',0,NULL,'2014-02-17 22:08:06','2014-02-17 22:08:06'),(201,'TC0192','N/A','CAMPUS VIRTUALES','N/A',0,NULL,'N/A','N/A','N/A','N/A',0,'N/A',0,'N/A','ARTURO GARZA','N/A',NULL,'N/A',NULL,NULL,0,'N/A','N/A','N/A',0,'N/A',NULL,'N/A',0,'onjanzx0wz',28,3,0,0,'N/A',0,NULL,'2014-02-17 22:08:06','2014-02-17 22:08:06'),(202,'TC0193','N/A','NORMAL ATIZAPAN','N/A',0,NULL,'N/A','N/A','N/A','N/A',0,'N/A',0,'N/A','ALBERTO CESAR GIL','N/A',NULL,'N/A',NULL,NULL,0,'N/A','N/A','N/A',0,'N/A',NULL,'N/A',0,'hm071iyqsw',28,3,0,0,'N/A',0,NULL,'2014-02-17 22:08:06','2014-02-17 22:08:06'),(203,'TC0194','N/A','BERLITZ DE MEXICO','N/A',0,NULL,'N/A','N/A','N/A','N/A',0,'N/A',0,'N/A','MARIO GOMEZ','N/A',NULL,'N/A',NULL,NULL,0,'N/A','N/A','N/A',0,'N/A',NULL,'N/A',0,'f8cr5fijw7',28,3,0,0,'N/A',0,NULL,'2014-02-17 22:08:06','2014-02-17 22:08:06'),(204,'TC0195','N/A','C.E. COMPUTO CAFETALES','N/A',0,NULL,'N/A','N/A','N/A','N/A',0,'N/A',0,'N/A','JOSE LUIS GOMEZ','N/A',NULL,'N/A',NULL,NULL,0,'N/A','N/A','N/A',0,'N/A',NULL,'N/A',0,'i1v42rudb7',28,3,0,0,'N/A',0,NULL,'2014-02-17 22:08:06','2014-02-17 22:08:06'),(205,'TC0196','N/A','C.E. COMPUTO CAFETALES','N/A',0,NULL,'N/A','N/A','N/A','N/A',0,'N/A',0,'N/A','NARCISO GOMEZ','N/A',NULL,'N/A',NULL,NULL,0,'N/A','N/A','N/A',0,'N/A',NULL,'N/A',0,'4epiwrcu8c',28,3,0,0,'N/A',0,NULL,'2014-02-17 22:08:06','2014-02-17 22:08:06'),(206,'TC0197','N/A','COLEGIO HUMANISTA','N/A',0,NULL,'N/A','N/A','N/A','N/A',0,'N/A',0,'N/A','ALEJANDRO GOMEZ','N/A',NULL,'N/A',NULL,NULL,0,'N/A','N/A','N/A',0,'N/A',NULL,'N/A',0,'vypkzt5kck',28,3,0,0,'N/A',0,NULL,'2014-02-17 22:08:06','2014-02-17 22:08:06'),(207,'TC0198','N/A','INAP','N/A',0,NULL,'N/A','N/A','N/A','N/A',0,'N/A',0,'N/A','FRANCISCO GOMEZ','N/A',NULL,'N/A',NULL,NULL,0,'N/A','N/A','N/A',0,'N/A',NULL,'N/A',0,'9f3tyq7az1',28,3,0,0,'N/A',0,NULL,'2014-02-17 22:08:06','2014-02-17 22:08:06'),(208,'TC0199','N/A','JARD. BARBARA COLYNS','N/A',0,NULL,'N/A','N/A','N/A','N/A',0,'N/A',0,'N/A','VIRGINIA GOMEZ','N/A',NULL,'N/A',NULL,NULL,0,'N/A','N/A','N/A',0,'N/A',NULL,'N/A',0,'smffglcrzl',28,3,0,0,'N/A',0,NULL,'2014-02-17 22:08:06','2014-02-17 22:08:06'),(209,'TC0200','N/A','UTTECAMAC','N/A',0,NULL,'N/A','N/A','N/A','N/A',0,'N/A',0,'N/A','LOURDES GOMEZ','N/A',NULL,'N/A',NULL,NULL,0,'N/A','N/A','N/A',0,'N/A',NULL,'N/A',0,'2jweywbwm7',28,3,0,0,'N/A',0,NULL,'2014-02-17 22:08:06','2014-02-17 22:08:06'),(210,'TC0201','N/A','COL. SIMON BOLIVAR','N/A',0,NULL,'N/A','N/A','N/A','N/A',0,'N/A',0,'N/A','MA. DE JESUS GONZALEZ','N/A',NULL,'N/A',NULL,NULL,0,'N/A','N/A','N/A',0,'N/A',NULL,'N/A',0,'rfr2gox9mq',28,3,0,0,'N/A',0,NULL,'2014-02-17 22:08:06','2014-02-17 22:08:06'),(211,'TC0202','N/A','FUND. PROTICDES','N/A',0,NULL,'N/A','N/A','N/A','N/A',0,'N/A',0,'N/A','CECILIA GONZALEZ','N/A',NULL,'N/A',NULL,NULL,0,'N/A','N/A','N/A',0,'N/A',NULL,'N/A',0,'tj2milkuuv',28,3,0,0,'N/A',0,NULL,'2014-02-17 22:08:06','2014-02-17 22:08:06'),(212,'TC0203','N/A','IPN','N/A',0,NULL,'N/A','N/A','N/A','N/A',0,'N/A',0,'N/A','CARLOS GONZALEZ','N/A',NULL,'N/A',NULL,NULL,0,'N/A','N/A','N/A',0,'N/A',NULL,'N/A',0,'igcpi47ht7',28,3,0,0,'N/A',0,NULL,'2014-02-17 22:08:06','2014-02-17 22:08:06'),(213,'TC0204','N/A','MONTESSORI TEPEYAC','N/A',0,NULL,'N/A','N/A','N/A','N/A',0,'N/A',0,'N/A','LAURA GONZALEZ','N/A',NULL,'N/A',NULL,NULL,0,'N/A','N/A','N/A',0,'N/A',NULL,'N/A',0,'epmwmhejab',28,3,0,0,'N/A',0,NULL,'2014-02-17 22:08:06','2014-02-17 22:08:06'),(214,'TC0205','N/A','SUP. GASTRONOMIA','N/A',0,NULL,'N/A','N/A','N/A','N/A',0,'N/A',0,'N/A','ISRAEL GONZALEZ','N/A',NULL,'N/A',NULL,NULL,0,'N/A','N/A','N/A',0,'N/A',NULL,'N/A',0,'fp4jaj6he3',28,3,0,0,'N/A',0,NULL,'2014-02-17 22:08:06','2014-02-17 22:08:06'),(215,'TC0206','N/A','UNAM','N/A',0,NULL,'N/A','N/A','N/A','N/A',0,'N/A',0,'N/A','ALEJANDRO  GONZALEZ','N/A',NULL,'N/A',NULL,NULL,0,'N/A','N/A','N/A',0,'N/A',NULL,'N/A',0,'ku86yljcej',28,3,0,0,'N/A',0,NULL,'2014-02-17 22:08:06','2014-02-17 22:08:06'),(216,'TC0207','N/A','UNAM','N/A',0,NULL,'N/A','N/A','N/A','N/A',0,'N/A',0,'N/A','CAMILO GONZALEZ','N/A',NULL,'N/A',NULL,NULL,0,'N/A','N/A','N/A',0,'N/A',NULL,'N/A',0,'3eda9dqij1',28,3,0,0,'N/A',0,NULL,'2014-02-17 22:08:06','2014-02-17 22:08:06'),(217,'TC0208','N/A','UNAM','N/A',0,NULL,'N/A','N/A','N/A','N/A',0,'N/A',0,'N/A','NORA PATRICIA GONZALEZ','N/A',NULL,'N/A',NULL,NULL,0,'N/A','N/A','N/A',0,'N/A',NULL,'N/A',0,'5lfcpd1vjl',28,3,0,0,'N/A',0,NULL,'2014-02-17 22:08:06','2014-02-17 22:08:06'),(218,'TC0209','N/A','UPN','N/A',0,NULL,'N/A','N/A','N/A','N/A',0,'N/A',0,'N/A','ADRIANA  GONZALEZ','N/A',NULL,'N/A',NULL,NULL,0,'N/A','N/A','N/A',0,'N/A',NULL,'N/A',0,'1dngiobjp3',28,3,0,0,'N/A',0,NULL,'2014-02-17 22:08:06','2014-02-17 22:08:06'),(219,'TC0210','N/A','IPN','N/A',0,NULL,'N/A','N/A','N/A','N/A',0,'N/A',0,'N/A','MIGUEL ANGEL GONZALEZ ','N/A',NULL,'N/A',NULL,NULL,0,'N/A','N/A','N/A',0,'N/A',NULL,'N/A',0,'kybcw40gon',28,3,0,0,'N/A',0,NULL,'2014-02-17 22:08:06','2014-02-17 22:08:06'),(220,'TC0211','N/A','UPIICSA','N/A',0,NULL,'N/A','N/A','N/A','N/A',0,'N/A',0,'N/A','ABRAHAM GORDILLO','N/A',NULL,'N/A',NULL,NULL,0,'N/A','N/A','N/A',0,'N/A',NULL,'N/A',0,'fe0023kf0y',28,3,0,0,'N/A',0,NULL,'2014-02-17 22:08:06','2014-02-17 22:08:06'),(221,'TC0212','N/A','ASOC. MEXICO CENTRAL','N/A',0,NULL,'N/A','N/A','N/A','N/A',0,'N/A',0,'N/A','EFRAIN GRANADOS','N/A',NULL,'N/A',NULL,NULL,0,'N/A','N/A','N/A',0,'N/A',NULL,'N/A',0,'e23kmziqb4',28,3,0,0,'N/A',0,NULL,'2014-02-17 22:08:06','2014-02-17 22:08:06'),(222,'TC0213','N/A','UTSJR','N/A',0,NULL,'N/A','N/A','N/A','N/A',0,'N/A',0,'N/A','SERGIO GUERRERO ','N/A',NULL,'N/A',NULL,NULL,0,'N/A','N/A','N/A',0,'N/A',NULL,'N/A',0,'bk2rwhtchh',28,3,0,0,'N/A',0,NULL,'2014-02-17 22:08:06','2014-02-17 22:08:06'),(223,'TC0214','N/A','FLACSO','N/A',0,NULL,'N/A','N/A','N/A','N/A',0,'N/A',0,'N/A','HUMBERTO GUILLEN','N/A',NULL,'N/A',NULL,NULL,0,'N/A','N/A','N/A',0,'N/A',NULL,'N/A',0,'158hqrxwj8',28,3,0,0,'N/A',0,NULL,'2014-02-17 22:08:06','2014-02-17 22:08:06'),(224,'TC0215','N/A','ALBERT EINSTEIN','N/A',0,NULL,'N/A','N/A','N/A','N/A',0,'N/A',0,'N/A','DANIEL GUTIERREZ','N/A',NULL,'N/A',NULL,NULL,0,'N/A','N/A','N/A',0,'N/A',NULL,'N/A',0,'79max4jcfk',28,3,0,0,'N/A',0,NULL,'2014-02-17 22:08:06','2014-02-17 22:08:06'),(225,'TC0216','N/A','ITESM','N/A',0,NULL,'N/A','N/A','N/A','N/A',0,'N/A',0,'N/A','DIMAS  GUTIERREZ','N/A',NULL,'N/A',NULL,NULL,0,'N/A','N/A','N/A',0,'N/A',NULL,'N/A',0,'2m85o6i36f',28,3,0,0,'N/A',0,NULL,'2014-02-17 22:08:06','2014-02-17 22:08:06'),(226,'TC0217','N/A','REPUBLICA MEXICANA','N/A',0,NULL,'N/A','N/A','N/A','N/A',0,'N/A',0,'N/A','JOSE DE JESUS GUTIERREZ','N/A',NULL,'N/A',NULL,NULL,0,'N/A','N/A','N/A',0,'N/A',NULL,'N/A',0,'iyhkj4v4j6',28,3,0,0,'N/A',0,NULL,'2014-02-17 22:08:06','2014-02-17 22:08:06'),(227,'TC0218','N/A','UNAM','N/A',0,NULL,'N/A','N/A','N/A','N/A',0,'N/A',0,'N/A','BEATRIZ VERONICA GUTIERREZ','N/A',NULL,'N/A',NULL,NULL,0,'N/A','N/A','N/A',0,'N/A',NULL,'N/A',0,'6b5eloqdvl',28,3,0,0,'N/A',0,NULL,'2014-02-17 22:08:07','2014-02-17 22:08:07'),(228,'TC0219','N/A','UNAM','N/A',0,NULL,'N/A','N/A','N/A','N/A',0,'N/A',0,'N/A','PEDRO GUTIERREZ','N/A',NULL,'N/A',NULL,NULL,0,'N/A','N/A','N/A',0,'N/A',NULL,'N/A',0,'mp9818adb4',28,3,0,0,'N/A',0,NULL,'2014-02-17 22:08:07','2014-02-17 22:08:07'),(229,'TC0220','N/A','UNIV. GUADALAJARA','N/A',0,NULL,'N/A','N/A','N/A','N/A',0,'N/A',0,'N/A','LUIS ALBERTO GUTIERREZ','N/A',NULL,'N/A',NULL,NULL,0,'N/A','N/A','N/A',0,'N/A',NULL,'N/A',0,'imixu1qm5g',28,3,0,0,'N/A',0,NULL,'2014-02-17 22:08:07','2014-02-17 22:08:07'),(230,'TC0221','N/A','YMCA','N/A',0,NULL,'N/A','N/A','N/A','N/A',0,'N/A',0,'N/A','SERGIO GUTIERREZ','N/A',NULL,'N/A',NULL,NULL,0,'N/A','N/A','N/A',0,'N/A',NULL,'N/A',0,'nzc55yg1k9',28,3,0,0,'N/A',0,NULL,'2014-02-17 22:08:07','2014-02-17 22:08:07'),(231,'TC0222','N/A','IPN','N/A',0,NULL,'N/A','N/A','N/A','N/A',0,'N/A',0,'N/A','ANGEL GUTIERREZ ','N/A',NULL,'N/A',NULL,NULL,0,'N/A','N/A','N/A',0,'N/A',NULL,'N/A',0,'tqz66i4zsu',28,3,0,0,'N/A',0,NULL,'2014-02-17 22:08:07','2014-02-17 22:08:07'),(232,'TC0223','N/A','CANADIAN STUDIES','N/A',0,NULL,'N/A','N/A','N/A','N/A',0,'N/A',0,'N/A','GABRIELA  GUZMAN','N/A',NULL,'N/A',NULL,NULL,0,'N/A','N/A','N/A',0,'N/A',NULL,'N/A',0,'em3sln03b8',28,3,0,0,'N/A',0,NULL,'2014-02-17 22:08:07','2014-02-17 22:08:07'),(233,'TC0224','N/A','SUP. GASTRONOMIA','N/A',0,NULL,'N/A','N/A','N/A','N/A',0,'N/A',0,'N/A','RICARDO GUZMAN','N/A',NULL,'N/A',NULL,NULL,0,'N/A','N/A','N/A',0,'N/A',NULL,'N/A',0,'dx4bxp8e20',28,3,0,0,'N/A',0,NULL,'2014-02-17 22:08:07','2014-02-17 22:08:07'),(234,'TC0225','N/A','UPIITA IPN','N/A',0,NULL,'N/A','N/A','N/A','N/A',0,'N/A',0,'N/A','JUAN CARLOS GUZMAN ','N/A',NULL,'N/A',NULL,NULL,0,'N/A','N/A','N/A',0,'N/A',NULL,'N/A',0,'9dlt5wu5mx',28,3,0,0,'N/A',0,NULL,'2014-02-17 22:08:07','2014-02-17 22:08:07'),(235,'TC0226','N/A','COL. JUAN PABLO II','N/A',0,NULL,'N/A','N/A','N/A','N/A',0,'N/A',0,'N/A','JUAN CARLOS  HERNANDEZ','N/A',NULL,'N/A',NULL,NULL,0,'N/A','N/A','N/A',0,'N/A',NULL,'N/A',0,'v92awmy7pg',28,3,0,0,'N/A',0,NULL,'2014-02-17 22:08:07','2014-02-17 22:08:07'),(236,'TC0227','N/A','COLEGIO HEBREO','N/A',0,NULL,'N/A','N/A','N/A','N/A',0,'N/A',0,'N/A','BENITO HERNANDEZ','N/A',NULL,'N/A',NULL,NULL,0,'N/A','N/A','N/A',0,'N/A',NULL,'N/A',0,'u7h81dt764',28,3,0,0,'N/A',0,NULL,'2014-02-17 22:08:07','2014-02-17 22:08:07'),(237,'TC0228','N/A','CONALEP','N/A',0,NULL,'N/A','N/A','N/A','N/A',0,'N/A',0,'N/A','JORGE GERSON HERNANDEZ','N/A',NULL,'N/A',NULL,NULL,0,'N/A','N/A','N/A',0,'N/A',NULL,'N/A',0,'x8ch1h90r4',28,3,0,0,'N/A',0,NULL,'2014-02-17 22:08:07','2014-02-17 22:08:07'),(238,'TC0229','N/A','IBEROAMERICANA','N/A',0,NULL,'N/A','N/A','N/A','N/A',0,'N/A',0,'N/A','JOSE LUIS HERNANDEZ','N/A',NULL,'N/A',NULL,NULL,0,'N/A','N/A','N/A',0,'N/A',NULL,'N/A',0,'fzyp4m2wh4',28,3,0,0,'N/A',0,NULL,'2014-02-17 22:08:07','2014-02-17 22:08:07'),(239,'TC0230','N/A','NORMAL ATIZAPAN','N/A',0,NULL,'N/A','N/A','N/A','N/A',0,'N/A',0,'N/A','SUSANA HERNANDEZ','N/A',NULL,'N/A',NULL,NULL,0,'N/A','N/A','N/A',0,'N/A',NULL,'N/A',0,'euht7o1j30',28,3,0,0,'N/A',0,NULL,'2014-02-17 22:08:07','2014-02-17 22:08:07'),(240,'TC0231','N/A','REDWOOD SCHOOL','N/A',0,NULL,'N/A','N/A','N/A','N/A',0,'N/A',0,'N/A','GUILLERMO HERNANDEZ','N/A',NULL,'N/A',NULL,NULL,0,'N/A','N/A','N/A',0,'N/A',NULL,'N/A',0,'3smlp91cmw',28,3,0,0,'N/A',0,NULL,'2014-02-17 22:08:07','2014-02-17 22:08:07'),(241,'TC0232','N/A','TEC. VALLE DE CHALCO','N/A',0,NULL,'N/A','N/A','N/A','N/A',0,'N/A',0,'N/A','ELIZABETH HERNANDEZ','N/A',NULL,'N/A',NULL,NULL,0,'N/A','N/A','N/A',0,'N/A',NULL,'N/A',0,'zqfvxomluf',28,3,0,0,'N/A',0,NULL,'2014-02-17 22:08:07','2014-02-17 22:08:07'),(242,'TC0233','N/A','UAM','N/A',0,NULL,'N/A','N/A','N/A','N/A',0,'N/A',0,'N/A','ARTURO HERNANDEZ','N/A',NULL,'N/A',NULL,NULL,0,'N/A','N/A','N/A',0,'N/A',NULL,'N/A',0,'54vtqczx1x',28,3,0,0,'N/A',0,NULL,'2014-02-17 22:08:07','2014-02-17 22:08:07'),(243,'TC0234','N/A','UAM','N/A',0,NULL,'N/A','N/A','N/A','N/A',0,'N/A',0,'N/A','MAGNO ALEJANDRO HERNANDEZ','N/A',NULL,'N/A',NULL,NULL,0,'N/A','N/A','N/A',0,'N/A',NULL,'N/A',0,'9kdvqa2jy8',28,3,0,0,'N/A',0,NULL,'2014-02-17 22:08:07','2014-02-17 22:08:07'),(244,'TC0235','N/A','UNAM','N/A',0,NULL,'N/A','N/A','N/A','N/A',0,'N/A',0,'N/A','AIDA ALICIA HERNANDEZ','N/A',NULL,'N/A',NULL,NULL,0,'N/A','N/A','N/A',0,'N/A',NULL,'N/A',0,'1ik35u9004',28,3,0,0,'N/A',0,NULL,'2014-02-17 22:08:07','2014-02-17 22:08:07'),(245,'TC0236','N/A','UNAM','N/A',0,NULL,'N/A','N/A','N/A','N/A',0,'N/A',0,'N/A','ALFREDO HERNANDEZ','N/A',NULL,'N/A',NULL,NULL,0,'N/A','N/A','N/A',0,'N/A',NULL,'N/A',0,'nrnkxrktva',28,3,0,0,'N/A',0,NULL,'2014-02-17 22:08:07','2014-02-17 22:08:07'),(246,'TC0237','N/A','UNIV. MARISTA','N/A',0,NULL,'N/A','N/A','N/A','N/A',0,'N/A',0,'N/A','CRISTIAN HERNANDEZ','N/A',NULL,'N/A',NULL,NULL,0,'N/A','N/A','N/A',0,'N/A',NULL,'N/A',0,'89qs0x13z9',28,3,0,0,'N/A',0,NULL,'2014-02-17 22:08:07','2014-02-17 22:08:07'),(247,'TC0238','N/A','UNIV. ST JOHNS','N/A',0,NULL,'N/A','N/A','N/A','N/A',0,'N/A',0,'N/A','ERNESTO HERNANDEZ','N/A',NULL,'N/A',NULL,NULL,0,'N/A','N/A','N/A',0,'N/A',NULL,'N/A',0,'l3ocpm5ie1',28,3,0,0,'N/A',0,NULL,'2014-02-17 22:08:07','2014-02-17 22:08:07'),(248,'TC0239','N/A','ALBERT EINSTEIN','N/A',0,NULL,'N/A','N/A','N/A','N/A',0,'N/A',0,'N/A','FRANCISCO ENRIQUE HERNÁNDEZ','N/A',NULL,'N/A',NULL,NULL,0,'N/A','N/A','N/A',0,'N/A',NULL,'N/A',0,'047opsqcmt',28,3,0,0,'N/A',0,NULL,'2014-02-17 22:08:07','2014-02-17 22:08:07'),(249,'TC0240','N/A','COL. JUAN PABLO II','N/A',0,NULL,'N/A','N/A','N/A','N/A',0,'N/A',0,'N/A','JUAN CARLOS  HERNANDEZ ','N/A',NULL,'N/A',NULL,NULL,0,'N/A','N/A','N/A',0,'N/A',NULL,'N/A',0,'u1ml8c0q33',28,3,0,0,'N/A',0,NULL,'2014-02-17 22:08:07','2014-02-17 22:08:07'),(250,'TC0241','N/A','INS. VILLA DE CORTES','N/A',0,NULL,'N/A','N/A','N/A','N/A',0,'N/A',0,'N/A','MELISA HERNANDEZ ','N/A',NULL,'N/A',NULL,NULL,0,'N/A','N/A','N/A',0,'N/A',NULL,'N/A',0,'e3bn3c6tcz',28,3,0,0,'N/A',0,NULL,'2014-02-17 22:08:07','2014-02-17 22:08:07'),(251,'TC0242','N/A','UNAM','N/A',0,NULL,'N/A','N/A','N/A','N/A',0,'N/A',0,'N/A','CECILIA HERNANDEZ ','N/A',NULL,'N/A',NULL,NULL,0,'N/A','N/A','N/A',0,'N/A',NULL,'N/A',0,'x9ymzylcyp',28,3,0,0,'N/A',0,NULL,'2014-02-17 22:08:07','2014-02-17 22:08:07'),(252,'TC0243','N/A','BADEN POWERL','N/A',0,NULL,'N/A','N/A','N/A','N/A',0,'N/A',0,'N/A','VICTOR HERRERA','N/A',NULL,'N/A',NULL,NULL,0,'N/A','N/A','N/A',0,'N/A',NULL,'N/A',0,'muwv2yeb3t',28,3,0,0,'N/A',0,NULL,'2014-02-17 22:08:07','2014-02-17 22:08:07'),(253,'TC0244','N/A','COLEGIO MADRID','N/A',0,NULL,'N/A','N/A','N/A','N/A',0,'N/A',0,'N/A','SEVERINO HERRERA','N/A',NULL,'N/A',NULL,NULL,0,'N/A','N/A','N/A',0,'N/A',NULL,'N/A',0,'qgccs7wj0a',28,3,0,0,'N/A',0,NULL,'2014-02-17 22:08:07','2014-02-17 22:08:07'),(254,'TC0245','N/A','IPN','N/A',0,NULL,'N/A','N/A','N/A','N/A',0,'N/A',0,'N/A','RENE HERRERA','N/A',NULL,'N/A',NULL,NULL,0,'N/A','N/A','N/A',0,'N/A',NULL,'N/A',0,'7c3xisg07v',28,3,0,0,'N/A',0,NULL,'2014-02-17 22:08:07','2014-02-17 22:08:07'),(255,'TC0246','N/A','PROF. DE DIBUJO','N/A',0,NULL,'N/A','N/A','N/A','N/A',0,'N/A',0,'N/A','JOSE LUIS HERRERA','N/A',NULL,'N/A',NULL,NULL,0,'N/A','N/A','N/A',0,'N/A',NULL,'N/A',0,'rcqhd8y8c7',28,3,0,0,'N/A',0,NULL,'2014-02-17 22:08:07','2014-02-17 22:08:07'),(256,'TC0247','N/A','INST. CESAR RITZ','N/A',0,NULL,'N/A','N/A','N/A','N/A',0,'N/A',0,'N/A','EMIGDIO HERRERA ','N/A',NULL,'N/A',NULL,NULL,0,'N/A','N/A','N/A',0,'N/A',NULL,'N/A',0,'u63cr7j4hu',28,3,0,0,'N/A',0,NULL,'2014-02-17 22:08:07','2014-02-17 22:08:07'),(257,'TC0248','N/A','UNIV. INSURGENTES','N/A',0,NULL,'N/A','N/A','N/A','N/A',0,'N/A',0,'N/A','VICTOR MANUEL HERRERA ','N/A',NULL,'N/A',NULL,NULL,0,'N/A','N/A','N/A',0,'N/A',NULL,'N/A',0,'rwhpf99608',28,3,0,0,'N/A',0,NULL,'2014-02-17 22:08:07','2014-02-17 22:08:07'),(258,'TC0249','N/A','UTN','N/A',0,NULL,'N/A','N/A','N/A','N/A',0,'N/A',0,'N/A','ISRAEL ALEJANDRO HERRERA ','N/A',NULL,'N/A',NULL,NULL,0,'N/A','N/A','N/A',0,'N/A',NULL,'N/A',0,'hdf7szdpss',28,3,0,0,'N/A',0,NULL,'2014-02-17 22:08:07','2014-02-17 22:08:07'),(259,'TC0250','N/A','INST. EDUC. LIBERTAD','N/A',0,NULL,'N/A','N/A','N/A','N/A',0,'N/A',0,'N/A','ELSY HERVER','N/A',NULL,'N/A',NULL,NULL,0,'N/A','N/A','N/A',0,'N/A',NULL,'N/A',0,'jh8mk5thsv',28,3,0,0,'N/A',0,NULL,'2014-02-17 22:08:07','2014-02-17 22:08:07'),(260,'TC0251','N/A','CONACYT','N/A',0,NULL,'N/A','N/A','N/A','N/A',0,'N/A',0,'N/A','JUAN ANTONIO HUERTA','N/A',NULL,'N/A',NULL,NULL,0,'N/A','N/A','N/A',0,'N/A',NULL,'N/A',0,'lap90wmebc',28,3,0,0,'N/A',0,NULL,'2014-02-17 22:08:07','2014-02-17 22:08:07'),(261,'TC0252','N/A','UPN','N/A',0,NULL,'N/A','N/A','N/A','N/A',0,'N/A',0,'N/A','ALEJANDRA  HUERTA ','N/A',NULL,'N/A',NULL,NULL,0,'N/A','N/A','N/A',0,'N/A',NULL,'N/A',0,'1d8y4mpolw',28,3,0,0,'N/A',0,NULL,'2014-02-17 22:08:07','2014-02-17 22:08:07'),(262,'TC0253','N/A','UNAM','N/A',0,NULL,'N/A','N/A','N/A','N/A',0,'N/A',0,'N/A','BLANCA EDITH HUITRON','N/A',NULL,'N/A',NULL,NULL,0,'N/A','N/A','N/A',0,'N/A',NULL,'N/A',0,'hi94ewe0ts',28,3,0,0,'N/A',0,NULL,'2014-02-17 22:08:08','2014-02-17 22:08:08'),(263,'TC0254','N/A','UNAM','N/A',0,NULL,'N/A','N/A','N/A','N/A',0,'N/A',0,'N/A','MARIA DE ROCIO HUITRON','N/A',NULL,'N/A',NULL,NULL,0,'N/A','N/A','N/A',0,'N/A',NULL,'N/A',0,'mx96iy90gb',28,3,0,0,'N/A',0,NULL,'2014-02-17 22:08:08','2014-02-17 22:08:08'),(264,'TC0255','N/A','ALPUCHE PINZUA','N/A',0,NULL,'N/A','N/A','N/A','N/A',0,'N/A',0,'N/A','SELENE HURTADO','N/A',NULL,'N/A',NULL,NULL,0,'N/A','N/A','N/A',0,'N/A',NULL,'N/A',0,'uiq7crpjjz',28,3,0,0,'N/A',0,NULL,'2014-02-17 22:08:08','2014-02-17 22:08:08'),(265,'TC0256','N/A','TEC. VALLE DE CHALCO','N/A',0,NULL,'N/A','N/A','N/A','N/A',0,'N/A',0,'N/A','JOSE ILDEFONSO','N/A',NULL,'N/A',NULL,NULL,0,'N/A','N/A','N/A',0,'N/A',NULL,'N/A',0,'x9cq2mjo0k',28,3,0,0,'N/A',0,NULL,'2014-02-17 22:08:08','2014-02-17 22:08:08'),(266,'TC0257','N/A','UNAM','N/A',0,NULL,'N/A','N/A','N/A','N/A',0,'N/A',0,'N/A','HECTOR IRIARTE','N/A',NULL,'N/A',NULL,NULL,0,'N/A','N/A','N/A',0,'N/A',NULL,'N/A',0,'tyo2ajib3k',28,3,0,0,'N/A',0,NULL,'2014-02-17 22:08:08','2014-02-17 22:08:08'),(267,'TC0258','N/A','ITAM','N/A',0,NULL,'N/A','N/A','N/A','N/A',0,'N/A',0,'N/A','JOSE ALEJANDRO JARDI','N/A',NULL,'N/A',NULL,NULL,0,'N/A','N/A','N/A',0,'N/A',NULL,'N/A',0,'2u4bodj831',28,3,0,0,'N/A',0,NULL,'2014-02-17 22:08:08','2014-02-17 22:08:08'),(268,'TC0259','N/A','SUP. GASTRONOMIA','N/A',0,NULL,'N/A','N/A','N/A','N/A',0,'N/A',0,'N/A','DIEGO JARILLO','N/A',NULL,'N/A',NULL,NULL,0,'N/A','N/A','N/A',0,'N/A',NULL,'N/A',0,'thhzuisyyq',28,3,0,0,'N/A',0,NULL,'2014-02-17 22:08:08','2014-02-17 22:08:08'),(269,'TC0260','N/A','UNID','N/A',0,NULL,'N/A','N/A','N/A','N/A',0,'N/A',0,'N/A','ANTONIO JASSO','N/A',NULL,'N/A',NULL,NULL,0,'N/A','N/A','N/A',0,'N/A',NULL,'N/A',0,'nyb39amqkn',28,3,0,0,'N/A',0,NULL,'2014-02-17 22:08:08','2014-02-17 22:08:08'),(270,'TC0261','N/A','COL. RUBEN DARIO','N/A',0,NULL,'N/A','N/A','N/A','N/A',0,'N/A',0,'N/A','MARIA TERESA JIMENEZ','N/A',NULL,'N/A',NULL,NULL,0,'N/A','N/A','N/A',0,'N/A',NULL,'N/A',0,'94l8j20frl',28,3,0,0,'N/A',0,NULL,'2014-02-17 22:08:08','2014-02-17 22:08:08'),(271,'TC0262','N/A','CONACYT','N/A',0,NULL,'N/A','N/A','N/A','N/A',0,'N/A',0,'N/A','ANA MARIA JIMENEZ','N/A',NULL,'N/A',NULL,NULL,0,'N/A','N/A','N/A',0,'N/A',NULL,'N/A',0,'7ypo6jnixl',28,3,0,0,'N/A',0,NULL,'2014-02-17 22:08:08','2014-02-17 22:08:08'),(272,'TC0263','N/A','UPN','N/A',0,NULL,'N/A','N/A','N/A','N/A',0,'N/A',0,'N/A','EDDA N. JIMENEZ DE LA ROSA ','N/A',NULL,'N/A',NULL,NULL,0,'N/A','N/A','N/A',0,'N/A',NULL,'N/A',0,'bd41456tku',28,3,0,0,'N/A',0,NULL,'2014-02-17 22:08:08','2014-02-17 22:08:08'),(273,'TC0264','N/A','CENTRO SANTA FE','N/A',0,NULL,'N/A','N/A','N/A','N/A',0,'N/A',0,'N/A','JOEL  JUAREZ ','N/A',NULL,'N/A',NULL,NULL,0,'N/A','N/A','N/A',0,'N/A',NULL,'N/A',0,'wme39hxo8d',28,3,0,0,'N/A',0,NULL,'2014-02-17 22:08:08','2014-02-17 22:08:08'),(274,'TC0265','N/A','UT SAN JUAN DEL RIO','N/A',0,NULL,'N/A','N/A','N/A','N/A',0,'N/A',0,'N/A','BRENDA JUAREZ ','N/A',NULL,'N/A',NULL,NULL,0,'N/A','N/A','N/A',0,'N/A',NULL,'N/A',0,'wg2ylu02ye',28,3,0,0,'N/A',0,NULL,'2014-02-17 22:08:08','2014-02-17 22:08:08'),(275,'TC0266','N/A','UNAM','N/A',0,NULL,'N/A','N/A','N/A','N/A',0,'N/A',0,'N/A','REBECA JUAREZ DE LA CRUZ','N/A',NULL,'N/A',NULL,NULL,0,'N/A','N/A','N/A',0,'N/A',NULL,'N/A',0,'q0imfei56r',28,3,0,0,'N/A',0,NULL,'2014-02-17 22:08:08','2014-02-17 22:08:08'),(276,'TC0267','N/A','UNIV. HEBRAICA','N/A',0,NULL,'N/A','N/A','N/A','N/A',0,'N/A',0,'N/A','JULIE KERSHNOBICH','N/A',NULL,'N/A',NULL,NULL,0,'N/A','N/A','N/A',0,'N/A',NULL,'N/A',0,'0ssuyhb237',28,3,0,0,'N/A',0,NULL,'2014-02-17 22:08:08','2014-02-17 22:08:08'),(277,'TC0268','N/A','EDRON ACADEMIC','N/A',0,NULL,'N/A','N/A','N/A','N/A',0,'N/A',0,'N/A','SERGIO  LARA ','N/A',NULL,'N/A',NULL,NULL,0,'N/A','N/A','N/A',0,'N/A',NULL,'N/A',0,'0e881utevd',28,3,0,0,'N/A',0,NULL,'2014-02-17 22:08:08','2014-02-17 22:08:08'),(278,'TC0269','N/A','COLEGIO FREINETI','N/A',0,NULL,'N/A','N/A','N/A','N/A',0,'N/A',0,'N/A','BERENICE LARIOS','N/A',NULL,'N/A',NULL,NULL,0,'N/A','N/A','N/A',0,'N/A',NULL,'N/A',0,'d179c5ouba',28,3,0,0,'N/A',0,NULL,'2014-02-17 22:08:08','2014-02-17 22:08:08'),(279,'TC0270','N/A','ITESM','N/A',0,NULL,'N/A','N/A','N/A','N/A',0,'N/A',0,'N/A','VICTOR LARRAÑAGA','N/A',NULL,'N/A',NULL,NULL,0,'N/A','N/A','N/A',0,'N/A',NULL,'N/A',0,'5rf16vwnfx',28,3,0,0,'N/A',0,NULL,'2014-02-17 22:08:08','2014-02-17 22:08:08'),(280,'TC0271','N/A','FLACSO','N/A',0,NULL,'N/A','N/A','N/A','N/A',0,'N/A',0,'N/A','AARON LASCAVEZ','N/A',NULL,'N/A',NULL,NULL,0,'N/A','N/A','N/A',0,'N/A',NULL,'N/A',0,'dprnxsbcnn',28,3,0,0,'N/A',0,NULL,'2014-02-17 22:08:08','2014-02-17 22:08:08'),(281,'TC0272','N/A','BANCARIO SAN CARLOS','N/A',0,NULL,'N/A','N/A','N/A','N/A',0,'N/A',0,'N/A','ENRIQUE GERARDO LAVIÑO','N/A',NULL,'N/A',NULL,NULL,0,'N/A','N/A','N/A',0,'N/A',NULL,'N/A',0,'du99ficcow',28,3,0,0,'N/A',0,NULL,'2014-02-17 22:08:08','2014-02-17 22:08:08'),(282,'TC0273','N/A','INSTITUTO MORA','N/A',0,NULL,'N/A','N/A','N/A','N/A',0,'N/A',0,'N/A','SILVIA PATRICIA LAZARINI','N/A',NULL,'N/A',NULL,NULL,0,'N/A','N/A','N/A',0,'N/A',NULL,'N/A',0,'d2hutkssr9',28,3,0,0,'N/A',0,NULL,'2014-02-17 22:08:08','2014-02-17 22:08:08'),(283,'TC0274','N/A','C.E.S. MONTE FENIX','N/A',0,NULL,'N/A','N/A','N/A','N/A',0,'N/A',0,'N/A','FELIPE DE JESUS LAZARO','N/A',NULL,'N/A',NULL,NULL,0,'N/A','N/A','N/A',0,'N/A',NULL,'N/A',0,'9gnsf0dftf',28,3,0,0,'N/A',0,NULL,'2014-02-17 22:08:08','2014-02-17 22:08:08'),(284,'TC0275','N/A','INSTITUTO NURSIA','N/A',0,NULL,'N/A','N/A','N/A','N/A',0,'N/A',0,'N/A','CONCEPCIÓN LEDESMA','N/A',NULL,'N/A',NULL,NULL,0,'N/A','N/A','N/A',0,'N/A',NULL,'N/A',0,'wuez2ftf73',28,3,0,0,'N/A',0,NULL,'2014-02-17 22:08:08','2014-02-17 22:08:08'),(285,'TC0276','N/A','UNIV. INSURGENTES','N/A',0,NULL,'N/A','N/A','N/A','N/A',0,'N/A',0,'N/A','ESTEBAN LEON','N/A',NULL,'N/A',NULL,NULL,0,'N/A','N/A','N/A',0,'N/A',NULL,'N/A',0,'ayz47x5ihc',28,3,0,0,'N/A',0,NULL,'2014-02-17 22:08:08','2014-02-17 22:08:08'),(286,'TC0277','N/A','IPN','N/A',0,NULL,'N/A','N/A','N/A','N/A',0,'N/A',0,'N/A','CIRO DAVID  LEON ','N/A',NULL,'N/A',NULL,NULL,0,'N/A','N/A','N/A',0,'N/A',NULL,'N/A',0,'otio3svtsy',28,3,0,0,'N/A',0,NULL,'2014-02-17 22:08:08','2014-02-17 22:08:08'),(287,'TC0278','N/A','BACHILLERES','N/A',0,NULL,'N/A','N/A','N/A','N/A',0,'N/A',0,'N/A','FRANCISCO JAVIER LICONA','N/A',NULL,'N/A',NULL,NULL,0,'N/A','N/A','N/A',0,'N/A',NULL,'N/A',0,'fa3m6linbs',28,3,0,0,'N/A',0,NULL,'2014-02-17 22:08:08','2014-02-17 22:08:08'),(288,'TC0279','N/A','BANCARIA COMERCIAL','N/A',0,NULL,'N/A','N/A','N/A','N/A',0,'N/A',0,'N/A','JUAN TOMAS LOPEZ','N/A',NULL,'N/A',NULL,NULL,0,'N/A','N/A','N/A',0,'N/A',NULL,'N/A',0,'w8942plznt',28,3,0,0,'N/A',0,NULL,'2014-02-17 22:08:08','2014-02-17 22:08:08'),(289,'TC0280','N/A','BENJAMIN FRANKLIN','N/A',0,NULL,'N/A','N/A','N/A','N/A',0,'N/A',0,'N/A','JONATHAN LOPEZ','N/A',NULL,'N/A',NULL,NULL,0,'N/A','N/A','N/A',0,'N/A',NULL,'N/A',0,'xd1c1ciq31',28,3,0,0,'N/A',0,NULL,'2014-02-17 22:08:08','2014-02-17 22:08:08'),(290,'TC0281','N/A','FIMPES','N/A',0,NULL,'N/A','N/A','N/A','N/A',0,'N/A',0,'N/A','JOSE RAMON  LOPEZ','N/A',NULL,'N/A',NULL,NULL,0,'N/A','N/A','N/A',0,'N/A',NULL,'N/A',0,'kxqxl7kynn',28,3,0,0,'N/A',0,NULL,'2014-02-17 22:08:08','2014-02-17 22:08:08'),(291,'TC0282','N/A','TEC. VALLE DE CHALCO','N/A',0,NULL,'N/A','N/A','N/A','N/A',0,'N/A',0,'N/A','GERARDO LOPEZ','N/A',NULL,'N/A',NULL,NULL,0,'N/A','N/A','N/A',0,'N/A',NULL,'N/A',0,'q8yhuywa7f',28,3,0,0,'N/A',0,NULL,'2014-02-17 22:08:08','2014-02-17 22:08:08'),(292,'TC0283','N/A','UNAM','N/A',0,NULL,'N/A','N/A','N/A','N/A',0,'N/A',0,'N/A','FRANCISCO ADOLFO  LOPEZ','N/A',NULL,'N/A',NULL,NULL,0,'N/A','N/A','N/A',0,'N/A',NULL,'N/A',0,'39x7b5fah5',28,3,0,0,'N/A',0,NULL,'2014-02-17 22:08:08','2014-02-17 22:08:08'),(293,'TC0284','N/A','UNIV.  ABIERTA  MÉX.','N/A',0,NULL,'N/A','N/A','N/A','N/A',0,'N/A',0,'N/A','SOILA DEL CARMEN LOPEZ','N/A',NULL,'N/A',NULL,NULL,0,'N/A','N/A','N/A',0,'N/A',NULL,'N/A',0,'u8tuizr206',28,3,0,0,'N/A',0,NULL,'2014-02-17 22:08:08','2014-02-17 22:08:08'),(294,'TC0285','N/A','UNIV. PANAMERICANA','N/A',0,NULL,'N/A','N/A','N/A','N/A',0,'N/A',0,'N/A','PILAR LOPEZ','N/A',NULL,'N/A',NULL,NULL,0,'N/A','N/A','N/A',0,'N/A',NULL,'N/A',0,'h4qykyezro',28,3,0,0,'N/A',0,NULL,'2014-02-17 22:08:08','2014-02-17 22:08:08'),(295,'TC0286','N/A','UNIV. SIMON BOLIVAR','N/A',0,NULL,'N/A','N/A','N/A','N/A',0,'N/A',0,'N/A','HECTOR ENRIQUE LOPEZ','N/A',NULL,'N/A',NULL,NULL,0,'N/A','N/A','N/A',0,'N/A',NULL,'N/A',0,'gnnhxflx5i',28,3,0,0,'N/A',0,NULL,'2014-02-17 22:08:09','2014-02-17 22:08:09'),(296,'TC0287','N/A','IPN','N/A',0,NULL,'N/A','N/A','N/A','N/A',0,'N/A',0,'N/A','ERNESTO  LOPEZ ','N/A',NULL,'N/A',NULL,NULL,0,'N/A','N/A','N/A',0,'N/A',NULL,'N/A',0,'lf4oj23kqj',28,3,0,0,'N/A',0,NULL,'2014-02-17 22:08:09','2014-02-17 22:08:09'),(297,'TC0288','N/A','IPN','N/A',0,NULL,'N/A','N/A','N/A','N/A',0,'N/A',0,'N/A','JOSE LUIS  LOPEZ ','N/A',NULL,'N/A',NULL,NULL,0,'N/A','N/A','N/A',0,'N/A',NULL,'N/A',0,'zp0gkhz84f',28,3,0,0,'N/A',0,NULL,'2014-02-17 22:08:09','2014-02-17 22:08:09'),(298,'TC0289','N/A','IPN','N/A',0,NULL,'N/A','N/A','N/A','N/A',0,'N/A',0,'N/A','JUAN MANUEL  LOPEZ ','N/A',NULL,'N/A',NULL,NULL,0,'N/A','N/A','N/A',0,'N/A',NULL,'N/A',0,'chuuj8x4ye',28,3,0,0,'N/A',0,NULL,'2014-02-17 22:08:09','2014-02-17 22:08:09'),(299,'TC0290','N/A','UPN','N/A',0,NULL,'N/A','N/A','N/A','N/A',0,'N/A',0,'N/A','CLAUDIA  LOPEZ ','N/A',NULL,'N/A',NULL,NULL,0,'N/A','N/A','N/A',0,'N/A',NULL,'N/A',0,'e04o18kbf2',28,3,0,0,'N/A',0,NULL,'2014-02-17 22:08:09','2014-02-17 22:08:09'),(300,'TC0291','N/A','UNAM','N/A',0,NULL,'N/A','N/A','N/A','N/A',0,'N/A',0,'N/A','PABLO ANTONIO LORENZANA','N/A',NULL,'N/A',NULL,NULL,0,'N/A','N/A','N/A',0,'N/A',NULL,'N/A',0,'7cepgi5t9u',28,3,0,0,'N/A',0,NULL,'2014-02-17 22:08:09','2014-02-17 22:08:09'),(301,'TC0292','N/A','COMPUINGLES XOCH.','N/A',0,NULL,'N/A','N/A','N/A','N/A',0,'N/A',0,'N/A','VICTOR LOZANO','N/A',NULL,'N/A',NULL,NULL,0,'N/A','N/A','N/A',0,'N/A',NULL,'N/A',0,'qvnye0zibu',28,3,0,0,'N/A',0,NULL,'2014-02-17 22:08:09','2014-02-17 22:08:09'),(302,'TC0293','N/A','UNAM','N/A',0,NULL,'N/A','N/A','N/A','N/A',0,'N/A',0,'N/A','DIERK LUEDERS','N/A',NULL,'N/A',NULL,NULL,0,'N/A','N/A','N/A',0,'N/A',NULL,'N/A',0,'pz4dlp049a',28,3,0,0,'N/A',0,NULL,'2014-02-17 22:08:09','2014-02-17 22:08:09'),(303,'TC0294','N/A','UNAM','N/A',0,NULL,'N/A','N/A','N/A','N/A',0,'N/A',0,'N/A','LIZBETH  LUNA','N/A',NULL,'N/A',NULL,NULL,0,'N/A','N/A','N/A',0,'N/A',NULL,'N/A',0,'zfs2xjzyuy',28,3,0,0,'N/A',0,NULL,'2014-02-17 22:08:09','2014-02-17 22:08:09'),(304,'TC0295','N/A','UTTECAMAC','N/A',0,NULL,'N/A','N/A','N/A','N/A',0,'N/A',0,'N/A','EDUARDO ALONSO MANDUJANO','N/A',NULL,'N/A',NULL,NULL,0,'N/A','N/A','N/A',0,'N/A',NULL,'N/A',0,'skjrud76wk',28,3,0,0,'N/A',0,NULL,'2014-02-17 22:08:09','2014-02-17 22:08:09'),(305,'TC0296','N/A','GYMBOREE COYOACAN','N/A',0,NULL,'N/A','N/A','N/A','N/A',0,'N/A',0,'N/A','PILAR  MARTINEZ','N/A',NULL,'N/A',NULL,NULL,0,'N/A','N/A','N/A',0,'N/A',NULL,'N/A',0,'m1pth5pwz2',28,3,0,0,'N/A',0,NULL,'2014-02-17 22:08:09','2014-02-17 22:08:09'),(306,'TC0297','N/A','HERMINIO ALMENDROS','N/A',0,NULL,'N/A','N/A','N/A','N/A',0,'N/A',0,'N/A','MAGDALENA MARTINEZ','N/A',NULL,'N/A',NULL,NULL,0,'N/A','N/A','N/A',0,'N/A',NULL,'N/A',0,'nzzy23ebmq',28,3,0,0,'N/A',0,NULL,'2014-02-17 22:08:09','2014-02-17 22:08:09'),(307,'TC0298','N/A','M. MAZA DE JUAREZ','N/A',0,NULL,'N/A','N/A','N/A','N/A',0,'N/A',0,'N/A','BLANCA ROSA MARTINEZ','N/A',NULL,'N/A',NULL,NULL,0,'N/A','N/A','N/A',0,'N/A',NULL,'N/A',0,'213hgky4f8',28,3,0,0,'N/A',0,NULL,'2014-02-17 22:08:09','2014-02-17 22:08:09'),(308,'TC0299','N/A','UNAM','N/A',0,NULL,'N/A','N/A','N/A','N/A',0,'N/A',0,'N/A','ADRIAN  ISRAEL MARTINEZ','N/A',NULL,'N/A',NULL,NULL,0,'N/A','N/A','N/A',0,'N/A',NULL,'N/A',0,'iinyroue1g',28,3,0,0,'N/A',0,NULL,'2014-02-17 22:08:09','2014-02-17 22:08:09'),(309,'TC0300','N/A','UNAM','N/A',0,NULL,'N/A','N/A','N/A','N/A',0,'N/A',0,'N/A','CELICA MARTINEZ','N/A',NULL,'N/A',NULL,NULL,0,'N/A','N/A','N/A',0,'N/A',NULL,'N/A',0,'z5bajqjtde',28,3,0,0,'N/A',0,NULL,'2014-02-17 22:08:09','2014-02-17 22:08:09'),(310,'TC0301','N/A','UNAM','N/A',0,NULL,'N/A','N/A','N/A','N/A',0,'N/A',0,'N/A','ERIC MARTINEZ','N/A',NULL,'N/A',NULL,NULL,0,'N/A','N/A','N/A',0,'N/A',NULL,'N/A',0,'yvlpxbagyk',28,3,0,0,'N/A',0,NULL,'2014-02-17 22:08:09','2014-02-17 22:08:09'),(311,'TC0302','N/A','UNAM','N/A',0,NULL,'N/A','N/A','N/A','N/A',0,'N/A',0,'N/A','MARIA ELIZABETH MARTINEZ','N/A',NULL,'N/A',NULL,NULL,0,'N/A','N/A','N/A',0,'N/A',NULL,'N/A',0,'d1684okt5s',28,3,0,0,'N/A',0,NULL,'2014-02-17 22:08:09','2014-02-17 22:08:09'),(312,'TC0303','N/A','UNID','N/A',0,NULL,'N/A','N/A','N/A','N/A',0,'N/A',0,'N/A','ROSA ANGELICA MARTINEZ','N/A',NULL,'N/A',NULL,NULL,0,'N/A','N/A','N/A',0,'N/A',NULL,'N/A',0,'y4qkkm18hk',28,3,0,0,'N/A',0,NULL,'2014-02-17 22:08:09','2014-02-17 22:08:09'),(313,'TC0304','N/A','UNIVERSITARIO ELEIA','N/A',0,NULL,'N/A','N/A','N/A','N/A',0,'N/A',0,'N/A','ALEJANDRA MARTINEZ','N/A',NULL,'N/A',NULL,NULL,0,'N/A','N/A','N/A',0,'N/A',NULL,'N/A',0,'w7q6e1ekfe',28,3,0,0,'N/A',0,NULL,'2014-02-17 22:08:09','2014-02-17 22:08:09'),(314,'TC0305','N/A','UPN','N/A',0,NULL,'N/A','N/A','N/A','N/A',0,'N/A',0,'N/A','MARIA TERESA MARTINEZ','N/A',NULL,'N/A',NULL,NULL,0,'N/A','N/A','N/A',0,'N/A',NULL,'N/A',0,'bhjl1gqp60',28,3,0,0,'N/A',0,NULL,'2014-02-17 22:08:09','2014-02-17 22:08:09'),(315,'TC0306','N/A','UPN','N/A',0,NULL,'N/A','N/A','N/A','N/A',0,'N/A',0,'N/A','VICTOR MANUEL MARTINEZ','N/A',NULL,'N/A',NULL,NULL,0,'N/A','N/A','N/A',0,'N/A',NULL,'N/A',0,'ok1w9lx647',28,3,0,0,'N/A',0,NULL,'2014-02-17 22:08:09','2014-02-17 22:08:09'),(316,'TC0307','N/A','UTTECAMAC','N/A',0,NULL,'N/A','N/A','N/A','N/A',0,'N/A',0,'N/A','RACIEL MARTINEZ','N/A',NULL,'N/A',NULL,NULL,0,'N/A','N/A','N/A',0,'N/A',NULL,'N/A',0,'7fpetdr2h0',28,3,0,0,'N/A',0,NULL,'2014-02-17 22:08:10','2014-02-17 22:08:10'),(317,'TC0308','N/A','INST. ESP. EJECUTIVOS','N/A',0,NULL,'N/A','N/A','N/A','N/A',0,'N/A',0,'N/A','HECTOR MARTINEZ ','N/A',NULL,'N/A',NULL,NULL,0,'N/A','N/A','N/A',0,'N/A',NULL,'N/A',0,'az45pkkzli',28,3,0,0,'N/A',0,NULL,'2014-02-17 22:08:10','2014-02-17 22:08:10'),(318,'TC0309','N/A','CONACYT','N/A',0,NULL,'N/A','N/A','N/A','N/A',0,'N/A',0,'N/A','EDGAR GABRIEL  MASSE ','N/A',NULL,'N/A',NULL,NULL,0,'N/A','N/A','N/A',0,'N/A',NULL,'N/A',0,'a8wn3oiv2i',28,3,0,0,'N/A',0,NULL,'2014-02-17 22:08:10','2014-02-17 22:08:10'),(319,'TC0310','N/A','UNAM','N/A',0,NULL,'N/A','N/A','N/A','N/A',0,'N/A',0,'N/A','LOURDES MATA','N/A',NULL,'N/A',NULL,NULL,0,'N/A','N/A','N/A',0,'N/A',NULL,'N/A',0,'5yzbysq1jj',28,3,0,0,'N/A',0,NULL,'2014-02-17 22:08:10','2014-02-17 22:08:10'),(320,'TC0311','N/A','UTTECAMAC','N/A',0,NULL,'N/A','N/A','N/A','N/A',0,'N/A',0,'N/A','MARIA DEL PILAR MATAMOROS','N/A',NULL,'N/A',NULL,NULL,0,'N/A','N/A','N/A',0,'N/A',NULL,'N/A',0,'tpt447eir8',28,3,0,0,'N/A',0,NULL,'2014-02-17 22:08:10','2014-02-17 22:08:10'),(321,'TC0312','N/A','COM. EDU. TOMAS MORO','N/A',0,NULL,'N/A','N/A','N/A','N/A',0,'N/A',0,'N/A','GERMAN MEDERO','N/A',NULL,'N/A',NULL,NULL,0,'N/A','N/A','N/A',0,'N/A',NULL,'N/A',0,'iq046gthgk',28,3,0,0,'N/A',0,NULL,'2014-02-17 22:08:10','2014-02-17 22:08:10'),(322,'TC0313','N/A','UNAM','N/A',0,NULL,'N/A','N/A','N/A','N/A',0,'N/A',0,'N/A','JOSE LUIS MEDINA','N/A',NULL,'N/A',NULL,NULL,0,'N/A','N/A','N/A',0,'N/A',NULL,'N/A',0,'10dg0fc8xz',28,3,0,0,'N/A',0,NULL,'2014-02-17 22:08:10','2014-02-17 22:08:10'),(323,'TC0314','N/A','UNIVERSIDAD ICEL','N/A',0,NULL,'N/A','N/A','N/A','N/A',0,'N/A',0,'N/A','BEATRIZ MEDRANO','N/A',NULL,'N/A',NULL,NULL,0,'N/A','N/A','N/A',0,'N/A',NULL,'N/A',0,'5fh6z65vlr',28,3,0,0,'N/A',0,NULL,'2014-02-17 22:08:10','2014-02-17 22:08:10'),(324,'TC0315','N/A','UNIVERSITARIOS PART','N/A',0,NULL,'N/A','N/A','N/A','N/A',0,'N/A',0,'N/A','JOSE ELIAZAR MEDRANO ','N/A',NULL,'N/A',NULL,NULL,0,'N/A','N/A','N/A',0,'N/A',NULL,'N/A',0,'qgci1hh8hr',28,3,0,0,'N/A',0,NULL,'2014-02-17 22:08:10','2014-02-17 22:08:10'),(325,'TC0316','N/A','UNAM','N/A',0,NULL,'N/A','N/A','N/A','N/A',0,'N/A',0,'N/A','MIGUEL ANGEL MEJIA','N/A',NULL,'N/A',NULL,NULL,0,'N/A','N/A','N/A',0,'N/A',NULL,'N/A',0,'vzr3rkqxi3',28,3,0,0,'N/A',0,NULL,'2014-02-17 22:08:10','2014-02-17 22:08:10'),(326,'TC0317','N/A','UNIV. ABIERTA ','N/A',0,NULL,'N/A','N/A','N/A','N/A',0,'N/A',0,'N/A','DAVID MEJIA','N/A',NULL,'N/A',NULL,NULL,0,'N/A','N/A','N/A',0,'N/A',NULL,'N/A',0,'qi2fxec8cd',28,3,0,0,'N/A',0,NULL,'2014-02-17 22:08:10','2014-02-17 22:08:10'),(327,'TC0318','N/A','INTEGRAL KIPLING','N/A',0,NULL,'N/A','N/A','N/A','N/A',0,'N/A',0,'N/A','VINICIO MELARA','N/A',NULL,'N/A',NULL,NULL,0,'N/A','N/A','N/A',0,'N/A',NULL,'N/A',0,'adkeo9lnkp',28,3,0,0,'N/A',0,NULL,'2014-02-17 22:08:10','2014-02-17 22:08:10'),(328,'TC0319','N/A','IPN','N/A',0,NULL,'N/A','N/A','N/A','N/A',0,'N/A',0,'N/A','PAMELA MENA','N/A',NULL,'N/A',NULL,NULL,0,'N/A','N/A','N/A',0,'N/A',NULL,'N/A',0,'nuxa5r1u8g',28,3,0,0,'N/A',0,NULL,'2014-02-17 22:08:10','2014-02-17 22:08:10'),(329,'TC0320','N/A','UNAM','N/A',0,NULL,'N/A','N/A','N/A','N/A',0,'N/A',0,'N/A','KATIA MENDEZ ','N/A',NULL,'N/A',NULL,NULL,0,'N/A','N/A','N/A',0,'N/A',NULL,'N/A',0,'g472h21plc',28,3,0,0,'N/A',0,NULL,'2014-02-17 22:08:10','2014-02-17 22:08:10'),(330,'TC0321','N/A','ASOC. MEXICO CENTRAL','N/A',0,NULL,'N/A','N/A','N/A','N/A',0,'N/A',0,'N/A','OMAR MENDOZA','N/A',NULL,'N/A',NULL,NULL,0,'N/A','N/A','N/A',0,'N/A',NULL,'N/A',0,'ys08t3ddly',28,3,0,0,'N/A',0,NULL,'2014-02-17 22:08:10','2014-02-17 22:08:10'),(331,'TC0322','N/A','DENTAL NATIVITAS','N/A',0,NULL,'N/A','N/A','N/A','N/A',0,'N/A',0,'N/A','ALBERTO MENDOZA','N/A',NULL,'N/A',NULL,NULL,0,'N/A','N/A','N/A',0,'N/A',NULL,'N/A',0,'ktwqpoqh7j',28,3,0,0,'N/A',0,NULL,'2014-02-17 22:08:10','2014-02-17 22:08:10'),(332,'TC0323','N/A','MONTESORI NEXHIE','N/A',0,NULL,'N/A','N/A','N/A','N/A',0,'N/A',0,'N/A','ERICKA YADIRA MENDOZA','N/A',NULL,'N/A',NULL,NULL,0,'N/A','N/A','N/A',0,'N/A',NULL,'N/A',0,'rhb9pcilct',28,3,0,0,'N/A',0,NULL,'2014-02-17 22:08:10','2014-02-17 22:08:10'),(333,'TC0324','N/A','UNID','N/A',0,NULL,'N/A','N/A','N/A','N/A',0,'N/A',0,'N/A','ABRAHAM MENDOZA','N/A',NULL,'N/A',NULL,NULL,0,'N/A','N/A','N/A',0,'N/A',NULL,'N/A',0,'knyfvmh5st',28,3,0,0,'N/A',0,NULL,'2014-02-17 22:08:10','2014-02-17 22:08:10'),(334,'TC0325','N/A','UNID','N/A',0,NULL,'N/A','N/A','N/A','N/A',0,'N/A',0,'N/A','CAROLINE MENDOZA','N/A',NULL,'N/A',NULL,NULL,0,'N/A','N/A','N/A',0,'N/A',NULL,'N/A',0,'qjtl6oy8hh',28,3,0,0,'N/A',0,NULL,'2014-02-17 22:08:10','2014-02-17 22:08:10'),(335,'TC0326','N/A','UVM','N/A',0,NULL,'N/A','N/A','N/A','N/A',0,'N/A',0,'N/A','OCTAVIO MERELES','N/A',NULL,'N/A',NULL,NULL,0,'N/A','N/A','N/A',0,'N/A',NULL,'N/A',0,'k1jgpptihq',28,3,0,0,'N/A',0,NULL,'2014-02-17 22:08:10','2014-02-17 22:08:10'),(336,'TC0327','N/A','CENTRO ESTUDIOS CEPE','N/A',0,NULL,'N/A','N/A','N/A','N/A',0,'N/A',0,'N/A','GABRIELA MESA','N/A',NULL,'N/A',NULL,NULL,0,'N/A','N/A','N/A',0,'N/A',NULL,'N/A',0,'snuraq3pj7',28,3,0,0,'N/A',0,NULL,'2014-02-17 22:08:10','2014-02-17 22:08:10'),(337,'TC0328','N/A','SEP','N/A',0,NULL,'N/A','N/A','N/A','N/A',0,'N/A',0,'N/A','JAVIER MILLAN','N/A',NULL,'N/A',NULL,NULL,0,'N/A','N/A','N/A',0,'N/A',NULL,'N/A',0,'825osit7ye',28,3,0,0,'N/A',0,NULL,'2014-02-17 22:08:10','2014-02-17 22:08:10'),(338,'TC0329','N/A','LENGUAS EXTRANJERAS','N/A',0,NULL,'N/A','N/A','N/A','N/A',0,'N/A',0,'N/A','OCIEL NEPTHALI MOCTEZUMA','N/A',NULL,'N/A',NULL,NULL,0,'N/A','N/A','N/A',0,'N/A',NULL,'N/A',0,'bxg842sd9o',28,3,0,0,'N/A',0,NULL,'2014-02-17 22:08:10','2014-02-17 22:08:10'),(339,'TC0330','N/A','TRILINGUE LONDRES','N/A',0,NULL,'N/A','N/A','N/A','N/A',0,'N/A',0,'N/A','MIRIAM MOLINA','N/A',NULL,'N/A',NULL,NULL,0,'N/A','N/A','N/A',0,'N/A',NULL,'N/A',0,'55eozq0m2l',28,3,0,0,'N/A',0,NULL,'2014-02-17 22:08:10','2014-02-17 22:08:10'),(340,'TC0331','N/A','CULTURAL MORELOS','N/A',0,NULL,'N/A','N/A','N/A','N/A',0,'N/A',0,'N/A','ISRAEL MONARES','N/A',NULL,'N/A',NULL,NULL,0,'N/A','N/A','N/A',0,'N/A',NULL,'N/A',0,'c1875zhyl7',28,3,0,0,'N/A',0,NULL,'2014-02-17 22:08:10','2014-02-17 22:08:10'),(341,'TC0332','N/A','UNAM','N/A',0,NULL,'N/A','N/A','N/A','N/A',0,'N/A',0,'N/A','MARIA DE LOURDES MONROY','N/A',NULL,'N/A',NULL,NULL,0,'N/A','N/A','N/A',0,'N/A',NULL,'N/A',0,'eq4ibe821q',28,3,0,0,'N/A',0,NULL,'2014-02-17 22:08:10','2014-02-17 22:08:10'),(342,'TC0333','N/A','UTN','N/A',0,NULL,'N/A','N/A','N/A','N/A',0,'N/A',0,'N/A','FERNANDO MONROY','N/A',NULL,'N/A',NULL,NULL,0,'N/A','N/A','N/A',0,'N/A',NULL,'N/A',0,'glyhm9wpu0',28,3,0,0,'N/A',0,NULL,'2014-02-17 22:08:10','2014-02-17 22:08:10'),(343,'TC0334','N/A','UTSJR','N/A',0,NULL,'N/A','N/A','N/A','N/A',0,'N/A',0,'N/A','CLARA MONTES ','N/A',NULL,'N/A',NULL,NULL,0,'N/A','N/A','N/A',0,'N/A',NULL,'N/A',0,'pz8tpqj5a9',28,3,0,0,'N/A',0,NULL,'2014-02-17 22:08:10','2014-02-17 22:08:10'),(344,'TC0335','N/A','INSTITUTO MEXICO','N/A',0,NULL,'N/A','N/A','N/A','N/A',0,'N/A',0,'N/A','JUAN MONTUFA','N/A',NULL,'N/A',NULL,NULL,0,'N/A','N/A','N/A',0,'N/A',NULL,'N/A',0,'b0xsk5lipl',28,3,0,0,'N/A',0,NULL,'2014-02-17 22:08:10','2014-02-17 22:08:10'),(345,'TC0336','N/A','BANCARIO SAN CARLOS','N/A',0,NULL,'N/A','N/A','N/A','N/A',0,'N/A',0,'N/A','ALMA CAROLINA MORALES','N/A',NULL,'N/A',NULL,NULL,0,'N/A','N/A','N/A',0,'N/A',NULL,'N/A',0,'x035lnnawq',28,3,0,0,'N/A',0,NULL,'2014-02-17 22:08:10','2014-02-17 22:08:10'),(346,'TC0337','N/A','UVM','N/A',0,NULL,'N/A','N/A','N/A','N/A',0,'N/A',0,'N/A','OMAR MORALES','N/A',NULL,'N/A',NULL,NULL,0,'N/A','N/A','N/A',0,'N/A',NULL,'N/A',0,'36htmqjbyx',28,3,0,0,'N/A',0,NULL,'2014-02-17 22:08:10','2014-02-17 22:08:10'),(347,'TC0338','N/A','POLITECNICA TLAXCALA','N/A',0,NULL,'N/A','N/A','N/A','N/A',0,'N/A',0,'N/A','OSVALDO MORENO','N/A',NULL,'N/A',NULL,NULL,0,'N/A','N/A','N/A',0,'N/A',NULL,'N/A',0,'1or1pgh96i',28,3,0,0,'N/A',0,NULL,'2014-02-17 22:08:11','2014-02-17 22:08:11'),(348,'TC0339','N/A','TEC. VALLE DE CHALCO','N/A',0,NULL,'N/A','N/A','N/A','N/A',0,'N/A',0,'N/A','JORGE MORENO','N/A',NULL,'N/A',NULL,NULL,0,'N/A','N/A','N/A',0,'N/A',NULL,'N/A',0,'iuoz74k16u',28,3,0,0,'N/A',0,NULL,'2014-02-17 22:08:11','2014-02-17 22:08:11'),(349,'TC0340','N/A','UNIV. PANAMERICANA','N/A',0,NULL,'N/A','N/A','N/A','N/A',0,'N/A',0,'N/A','JOSE MORENO','N/A',NULL,'N/A',NULL,NULL,0,'N/A','N/A','N/A',0,'N/A',NULL,'N/A',0,'d0qpvl2uvf',28,3,0,0,'N/A',0,NULL,'2014-02-17 22:08:11','2014-02-17 22:08:11'),(350,'TC0341','N/A','C. UNIV. NARVARTE','N/A',0,NULL,'N/A','N/A','N/A','N/A',0,'N/A',0,'N/A','GILBERTO MORETT','N/A',NULL,'N/A',NULL,NULL,0,'N/A','N/A','N/A',0,'N/A',NULL,'N/A',0,'8btzvn5zj4',28,3,0,0,'N/A',0,NULL,'2014-02-17 22:08:11','2014-02-17 22:08:11'),(351,'TC0342','N/A','COLEGIO MADRID','N/A',0,NULL,'N/A','N/A','N/A','N/A',0,'N/A',0,'N/A','ANTONIO MANUEL MORFIN ','N/A',NULL,'N/A',NULL,NULL,0,'N/A','N/A','N/A',0,'N/A',NULL,'N/A',0,'cqe8wm3c69',28,3,0,0,'N/A',0,NULL,'2014-02-17 22:08:11','2014-02-17 22:08:11'),(352,'TC0343','N/A','COLEGIO FREINETI','N/A',0,NULL,'N/A','N/A','N/A','N/A',0,'N/A',0,'N/A','ANTONIA MOYRON','N/A',NULL,'N/A',NULL,NULL,0,'N/A','N/A','N/A',0,'N/A',NULL,'N/A',0,'nnpbwyw9ru',28,3,0,0,'N/A',0,NULL,'2014-02-17 22:08:11','2014-02-17 22:08:11'),(353,'TC0344','N/A','UNAM','N/A',0,NULL,'N/A','N/A','N/A','N/A',0,'N/A',0,'N/A','PEDRO MUNIVE','N/A',NULL,'N/A',NULL,NULL,0,'N/A','N/A','N/A',0,'N/A',NULL,'N/A',0,'ebsbluosq3',28,3,0,0,'N/A',0,NULL,'2014-02-17 22:08:11','2014-02-17 22:08:11'),(354,'TC0345','N/A','CENT.CAP.TEC EDO MEX','N/A',0,NULL,'N/A','N/A','N/A','N/A',0,'N/A',0,'N/A','FLOR MUÑOZ','N/A',NULL,'N/A',NULL,NULL,0,'N/A','N/A','N/A',0,'N/A',NULL,'N/A',0,'itjnll2uaw',28,3,0,0,'N/A',0,NULL,'2014-02-17 22:08:11','2014-02-17 22:08:11'),(355,'TC0346','N/A','UNAM','N/A',0,NULL,'N/A','N/A','N/A','N/A',0,'N/A',0,'N/A','ALEJANDRO MUÑOZ','N/A',NULL,'N/A',NULL,NULL,0,'N/A','N/A','N/A',0,'N/A',NULL,'N/A',0,'vee3h1y5ye',28,3,0,0,'N/A',0,NULL,'2014-02-17 22:08:11','2014-02-17 22:08:11'),(356,'TC0347','N/A','UNAM','N/A',0,NULL,'N/A','N/A','N/A','N/A',0,'N/A',0,'N/A','ANTONIO MUÑOZ','N/A',NULL,'N/A',NULL,NULL,0,'N/A','N/A','N/A',0,'N/A',NULL,'N/A',0,'kkkyj72nnz',28,3,0,0,'N/A',0,NULL,'2014-02-17 22:08:11','2014-02-17 22:08:11'),(357,'TC0348','N/A','CEPE-UNAM','N/A',0,NULL,'N/A','N/A','N/A','N/A',0,'N/A',0,'N/A','ROBERTO MUÑOZ ','N/A',NULL,'N/A',NULL,NULL,0,'N/A','N/A','N/A',0,'N/A',NULL,'N/A',0,'84mnfvwd1k',28,3,0,0,'N/A',0,NULL,'2014-02-17 22:08:11','2014-02-17 22:08:11'),(358,'TC0349','N/A','UTTECAMAC','N/A',0,NULL,'N/A','N/A','N/A','N/A',0,'N/A',0,'N/A','KARINA YOLANDA MURILLO','N/A',NULL,'N/A',NULL,NULL,0,'N/A','N/A','N/A',0,'N/A',NULL,'N/A',0,'wn5t3l4urj',28,3,0,0,'N/A',0,NULL,'2014-02-17 22:08:11','2014-02-17 22:08:11'),(359,'TC0350','N/A','UNAM','N/A',0,NULL,'N/A','N/A','N/A','N/A',0,'N/A',0,'N/A','JORGE ALBERTO NAJERA','N/A',NULL,'N/A',NULL,NULL,0,'N/A','N/A','N/A',0,'N/A',NULL,'N/A',0,'brprrhqs7b',28,3,0,0,'N/A',0,NULL,'2014-02-17 22:08:11','2014-02-17 22:08:11'),(360,'TC0351','N/A','TEC. VALLE DE CHALCO','N/A',0,NULL,'N/A','N/A','N/A','N/A',0,'N/A',0,'N/A','AUGUSTO NAVARRETE','N/A',NULL,'N/A',NULL,NULL,0,'N/A','N/A','N/A',0,'N/A',NULL,'N/A',0,'9t24gmcfl4',28,3,0,0,'N/A',0,NULL,'2014-02-17 22:08:11','2014-02-17 22:08:11'),(361,'TC0352','N/A','COL. SIMON BOLIVAR','N/A',0,NULL,'N/A','N/A','N/A','N/A',0,'N/A',0,'N/A','GUADALUPE NEGRETE','N/A',NULL,'N/A',NULL,NULL,0,'N/A','N/A','N/A',0,'N/A',NULL,'N/A',0,'mtgt4mcnq6',28,3,0,0,'N/A',0,NULL,'2014-02-17 22:08:11','2014-02-17 22:08:11'),(362,'TC0353','N/A','C. T. A. C. JUAN DIEGO','N/A',0,NULL,'N/A','N/A','N/A','N/A',0,'N/A',0,'N/A','LETICIA NEGRETE ','N/A',NULL,'N/A',NULL,NULL,0,'N/A','N/A','N/A',0,'N/A',NULL,'N/A',0,'f5r0nabd0r',28,3,0,0,'N/A',0,NULL,'2014-02-17 22:08:11','2014-02-17 22:08:11'),(363,'TC0354','N/A','CIENCIAS RELIGIOSAS','N/A',0,NULL,'N/A','N/A','N/A','N/A',0,'N/A',0,'N/A','LUZ MARIA NUTE','N/A',NULL,'N/A',NULL,NULL,0,'N/A','N/A','N/A',0,'N/A',NULL,'N/A',0,'ob9n006xao',28,3,0,0,'N/A',0,NULL,'2014-02-17 22:08:11','2014-02-17 22:08:11'),(364,'TC0355','N/A','ITESM','N/A',0,NULL,'N/A','N/A','N/A','N/A',0,'N/A',0,'N/A','ALEJANDRA  OCARIZ','N/A',NULL,'N/A',NULL,NULL,0,'N/A','N/A','N/A',0,'N/A',NULL,'N/A',0,'q850000jgh',28,3,0,0,'N/A',0,NULL,'2014-02-17 22:08:11','2014-02-17 22:08:11'),(365,'TC0356','N/A','UNAM','N/A',0,NULL,'N/A','N/A','N/A','N/A',0,'N/A',0,'N/A','LUIS OCHOA ','N/A',NULL,'N/A',NULL,NULL,0,'N/A','N/A','N/A',0,'N/A',NULL,'N/A',0,'5u0gd4gjse',28,3,0,0,'N/A',0,NULL,'2014-02-17 22:08:11','2014-02-17 22:08:11'),(366,'TC0357','N/A','IPN','N/A',0,NULL,'N/A','N/A','N/A','N/A',0,'N/A',0,'N/A','OSCAR ALONSO OJEDA ','N/A',NULL,'N/A',NULL,NULL,0,'N/A','N/A','N/A',0,'N/A',NULL,'N/A',0,'atpkcpwijh',28,3,0,0,'N/A',0,NULL,'2014-02-17 22:08:11','2014-02-17 22:08:11'),(367,'TC0358','N/A','ITESM','N/A',0,NULL,'N/A','N/A','N/A','N/A',0,'N/A',0,'N/A','NANCY  OLMOS','N/A',NULL,'N/A',NULL,NULL,0,'N/A','N/A','N/A',0,'N/A',NULL,'N/A',0,'x8htizni6z',28,3,0,0,'N/A',0,NULL,'2014-02-17 22:08:11','2014-02-17 22:08:11'),(368,'TC0359','N/A','UNAM','N/A',0,NULL,'N/A','N/A','N/A','N/A',0,'N/A',0,'N/A','JORGE ONTIVEROS','N/A',NULL,'N/A',NULL,NULL,0,'N/A','N/A','N/A',0,'N/A',NULL,'N/A',0,'vmoam25oqd',28,3,0,0,'N/A',0,NULL,'2014-02-17 22:08:11','2014-02-17 22:08:11'),(369,'TC0360','N/A','INST. EDUC. LIBERTAD','N/A',0,NULL,'N/A','N/A','N/A','N/A',0,'N/A',0,'N/A','JAZMIN OROZCO','N/A',NULL,'N/A',NULL,NULL,0,'N/A','N/A','N/A',0,'N/A',NULL,'N/A',0,'v5h9u4uclx',28,3,0,0,'N/A',0,NULL,'2014-02-17 22:08:11','2014-02-17 22:08:11'),(370,'TC0361','N/A','CONALEP SANTA FE','N/A',0,NULL,'N/A','N/A','N/A','N/A',0,'N/A',0,'N/A','FRANCISCO ORTEGA','N/A',NULL,'N/A',NULL,NULL,0,'N/A','N/A','N/A',0,'N/A',NULL,'N/A',0,'goe6miv10g',28,3,0,0,'N/A',0,NULL,'2014-02-17 22:08:11','2014-02-17 22:08:11'),(371,'TC0362','N/A','MONTESORI NEXHIE','N/A',0,NULL,'N/A','N/A','N/A','N/A',0,'N/A',0,'N/A','CRISTINA  ORTIZ','N/A',NULL,'N/A',NULL,NULL,0,'N/A','N/A','N/A',0,'N/A',NULL,'N/A',0,'5edj6qi8yi',28,3,0,0,'N/A',0,NULL,'2014-02-17 22:08:11','2014-02-17 22:08:11'),(372,'TC0363','N/A','TEPEYAC','N/A',0,NULL,'N/A','N/A','N/A','N/A',0,'N/A',0,'N/A','DIANA OSORNIO','N/A',NULL,'N/A',NULL,NULL,0,'N/A','N/A','N/A',0,'N/A',NULL,'N/A',0,'yjd5h1gqtq',28,3,0,0,'N/A',0,NULL,'2014-02-17 22:08:11','2014-02-17 22:08:11'),(373,'TC0364','N/A','UPN','N/A',0,NULL,'N/A','N/A','N/A','N/A',0,'N/A',0,'N/A','ALMA DANIELA OTERO','N/A',NULL,'N/A',NULL,NULL,0,'N/A','N/A','N/A',0,'N/A',NULL,'N/A',0,'hzarc1deea',28,3,0,0,'N/A',0,NULL,'2014-02-17 22:08:11','2014-02-17 22:08:11'),(374,'TC0365','N/A','CENTRO MENDESON','N/A',0,NULL,'N/A','N/A','N/A','N/A',0,'N/A',0,'N/A','FABIOLA PACHECO','N/A',NULL,'N/A',NULL,NULL,0,'N/A','N/A','N/A',0,'N/A',NULL,'N/A',0,'xc0sme72bc',28,3,0,0,'N/A',0,NULL,'2014-02-17 22:08:11','2014-02-17 22:08:11'),(375,'TC0366','N/A','ECONOMICA CUBANA','N/A',0,NULL,'N/A','N/A','N/A','N/A',0,'N/A',0,'N/A','ZUGEY PAEZ','N/A',NULL,'N/A',NULL,NULL,0,'N/A','N/A','N/A',0,'N/A',NULL,'N/A',0,'llabup94gl',28,3,0,0,'N/A',0,NULL,'2014-02-17 22:08:11','2014-02-17 22:08:11'),(376,'TC0367','N/A','CENTRO CULT. CD.MEX.','N/A',0,NULL,'N/A','N/A','N/A','N/A',0,'N/A',0,'N/A','MARCO PALMA','N/A',NULL,'N/A',NULL,NULL,0,'N/A','N/A','N/A',0,'N/A',NULL,'N/A',0,'xso52jtx03',28,3,0,0,'N/A',0,NULL,'2014-02-17 22:08:11','2014-02-17 22:08:11'),(377,'TC0368','N/A','UNAM','N/A',0,NULL,'N/A','N/A','N/A','N/A',0,'N/A',0,'N/A','ROCIO PANTOJA','N/A',NULL,'N/A',NULL,NULL,0,'N/A','N/A','N/A',0,'N/A',NULL,'N/A',0,'rupgu5h6be',28,3,0,0,'N/A',0,NULL,'2014-02-17 22:08:11','2014-02-17 22:08:11'),(378,'TC0369','N/A','CENTRO CULT. CD.MEX.','N/A',0,NULL,'N/A','N/A','N/A','N/A',0,'N/A',0,'N/A','ROCIO CYNTHIA PASCON','N/A',NULL,'N/A',NULL,NULL,0,'N/A','N/A','N/A',0,'N/A',NULL,'N/A',0,'408nswj0k7',28,3,0,0,'N/A',0,NULL,'2014-02-17 22:08:11','2014-02-17 22:08:11'),(379,'TC0370','N/A','UNIV. INSURGENTES','N/A',0,NULL,'N/A','N/A','N/A','N/A',0,'N/A',0,'N/A','JOCELYN PAULIN','N/A',NULL,'N/A',NULL,NULL,0,'N/A','N/A','N/A',0,'N/A',NULL,'N/A',0,'mdkkcxnk2h',28,3,0,0,'N/A',0,NULL,'2014-02-17 22:08:12','2014-02-17 22:08:12'),(380,'TC0371','N/A','UAM AZCAPOTZALCO','N/A',0,NULL,'N/A','N/A','N/A','N/A',0,'N/A',0,'N/A','JUAN CARLOS PEDRAL ','N/A',NULL,'N/A',NULL,NULL,0,'N/A','N/A','N/A',0,'N/A',NULL,'N/A',0,'d962z3cvje',28,3,0,0,'N/A',0,NULL,'2014-02-17 22:08:12','2014-02-17 22:08:12'),(381,'TC0372','N/A','CANADIAN STUDIES','N/A',0,NULL,'N/A','N/A','N/A','N/A',0,'N/A',0,'N/A','KARLA PEÑA','N/A',NULL,'N/A',NULL,NULL,0,'N/A','N/A','N/A',0,'N/A',NULL,'N/A',0,'p3zrdu55nz',28,3,0,0,'N/A',0,NULL,'2014-02-17 22:08:12','2014-02-17 22:08:12'),(382,'TC0373','N/A','UNAM','N/A',0,NULL,'N/A','N/A','N/A','N/A',0,'N/A',0,'N/A','MARCELA PEÑALOZA','N/A',NULL,'N/A',NULL,NULL,0,'N/A','N/A','N/A',0,'N/A',NULL,'N/A',0,'ydjf6cvnn1',28,3,0,0,'N/A',0,NULL,'2014-02-17 22:08:12','2014-02-17 22:08:12'),(383,'TC0374','N/A','BANCARIO SAN CARLOS','N/A',0,NULL,'N/A','N/A','N/A','N/A',0,'N/A',0,'N/A','ARMANDO ENRIQUE PEREZ','N/A',NULL,'N/A',NULL,NULL,0,'N/A','N/A','N/A',0,'N/A',NULL,'N/A',0,'9imy01mt73',28,3,0,0,'N/A',0,NULL,'2014-02-17 22:08:12','2014-02-17 22:08:12'),(384,'TC0375','N/A','CICEANA','N/A',0,NULL,'N/A','N/A','N/A','N/A',0,'N/A',0,'N/A','RAMON  PEREZ','N/A',NULL,'N/A',NULL,NULL,0,'N/A','N/A','N/A',0,'N/A',NULL,'N/A',0,'i4div1vfv9',28,3,0,0,'N/A',0,NULL,'2014-02-17 22:08:12','2014-02-17 22:08:12'),(385,'TC0376','N/A','CIENCIAS RELIGIOSAS','N/A',0,NULL,'N/A','N/A','N/A','N/A',0,'N/A',0,'N/A','OLGA PEREZ','N/A',NULL,'N/A',NULL,NULL,0,'N/A','N/A','N/A',0,'N/A',NULL,'N/A',0,'km6nk3a28o',28,3,0,0,'N/A',0,NULL,'2014-02-17 22:08:12','2014-02-17 22:08:12'),(386,'TC0377','N/A','COLEGIO MADRID','N/A',0,NULL,'N/A','N/A','N/A','N/A',0,'N/A',0,'N/A','JESUS ROMAN PEREZ','N/A',NULL,'N/A',NULL,NULL,0,'N/A','N/A','N/A',0,'N/A',NULL,'N/A',0,'4kq1effk0p',28,3,0,0,'N/A',0,NULL,'2014-02-17 22:08:12','2014-02-17 22:08:12'),(387,'TC0378','N/A','UNIV TEC  TECAMA','N/A',0,NULL,'N/A','N/A','N/A','N/A',0,'N/A',0,'N/A','LUIS ENRIQUE PEREZ','N/A',NULL,'N/A',NULL,NULL,0,'N/A','N/A','N/A',0,'N/A',NULL,'N/A',0,'6nwoe46zfb',28,3,0,0,'N/A',0,NULL,'2014-02-17 22:08:12','2014-02-17 22:08:12'),(388,'TC0379','N/A','COMPUINGLES IZTAP.','N/A',0,NULL,'N/A','N/A','N/A','N/A',0,'N/A',0,'N/A','ISRAEL PEREZ ','N/A',NULL,'N/A',NULL,NULL,0,'N/A','N/A','N/A',0,'N/A',NULL,'N/A',0,'jo7v310z5n',28,3,0,0,'N/A',0,NULL,'2014-02-17 22:08:12','2014-02-17 22:08:12'),(389,'TC0380','N/A','IPN','N/A',0,NULL,'N/A','N/A','N/A','N/A',0,'N/A',0,'N/A','BEATRIZ PEREZ ','N/A',NULL,'N/A',NULL,NULL,0,'N/A','N/A','N/A',0,'N/A',NULL,'N/A',0,'a6kb0mokin',28,3,0,0,'N/A',0,NULL,'2014-02-17 22:08:12','2014-02-17 22:08:12'),(390,'TC0381','N/A','UNAM','N/A',0,NULL,'N/A','N/A','N/A','N/A',0,'N/A',0,'N/A','MARGARITA PEREZ ','N/A',NULL,'N/A',NULL,NULL,0,'N/A','N/A','N/A',0,'N/A',NULL,'N/A',0,'s10q1xcout',28,3,0,0,'N/A',0,NULL,'2014-02-17 22:08:12','2014-02-17 22:08:12'),(391,'TC0382','N/A','UNAM','N/A',0,NULL,'N/A','N/A','N/A','N/A',0,'N/A',0,'N/A','MARCO ANTONIO PICHARDO','N/A',NULL,'N/A',NULL,NULL,0,'N/A','N/A','N/A',0,'N/A',NULL,'N/A',0,'p1hsxsvkgi',28,3,0,0,'N/A',0,NULL,'2014-02-17 22:08:12','2014-02-17 22:08:12'),(392,'TC0383','N/A','INSTITUTO MEXICO','N/A',0,NULL,'N/A','N/A','N/A','N/A',0,'N/A',0,'N/A','SALVADOR  PIMENTEL','N/A',NULL,'N/A',NULL,NULL,0,'N/A','N/A','N/A',0,'N/A',NULL,'N/A',0,'k6bp85fi5w',28,3,0,0,'N/A',0,NULL,'2014-02-17 22:08:12','2014-02-17 22:08:12'),(393,'TC0384','N/A','UNAM','N/A',0,NULL,'N/A','N/A','N/A','N/A',0,'N/A',0,'N/A','NANCY PINEDA','N/A',NULL,'N/A',NULL,NULL,0,'N/A','N/A','N/A',0,'N/A',NULL,'N/A',0,'jmhbctkl7f',28,3,0,0,'N/A',0,NULL,'2014-02-17 22:08:12','2014-02-17 22:08:12'),(394,'TC0385','N/A','UNIV. HEBRAICA','N/A',0,NULL,'N/A','N/A','N/A','N/A',0,'N/A',0,'N/A','LILA PINTO','N/A',NULL,'N/A',NULL,NULL,0,'N/A','N/A','N/A',0,'N/A',NULL,'N/A',0,'tfcfcb35kg',28,3,0,0,'N/A',0,NULL,'2014-02-17 22:08:12','2014-02-17 22:08:12'),(395,'TC0386','N/A','UNAM','N/A',0,NULL,'N/A','N/A','N/A','N/A',0,'N/A',0,'N/A','ALEJANDRO PISANTY','N/A',NULL,'N/A',NULL,NULL,0,'N/A','N/A','N/A',0,'N/A',NULL,'N/A',0,'ervo2rpb4r',28,3,0,0,'N/A',0,NULL,'2014-02-17 22:08:12','2014-02-17 22:08:12'),(396,'TC0387','N/A','UPN','N/A',0,NULL,'N/A','N/A','N/A','N/A',0,'N/A',0,'N/A','ERNESTO PONCE','N/A',NULL,'N/A',NULL,NULL,0,'N/A','N/A','N/A',0,'N/A',NULL,'N/A',0,'3r4nhlyh4a',28,3,0,0,'N/A',0,NULL,'2014-02-17 22:08:12','2014-02-17 22:08:12'),(397,'TC0388','N/A','IPN','N/A',0,NULL,'N/A','N/A','N/A','N/A',0,'N/A',0,'N/A','VICTOR HUGO  PONCE ','N/A',NULL,'N/A',NULL,NULL,0,'N/A','N/A','N/A',0,'N/A',NULL,'N/A',0,'0xefift4wg',28,3,0,0,'N/A',0,NULL,'2014-02-17 22:08:12','2014-02-17 22:08:12'),(398,'TC0389','N/A','INTERCONTINENTAL','N/A',0,NULL,'N/A','N/A','N/A','N/A',0,'N/A',0,'N/A','LAURA PONCE DE LEON','N/A',NULL,'N/A',NULL,NULL,0,'N/A','N/A','N/A',0,'N/A',NULL,'N/A',0,'gbws92dvd8',28,3,0,0,'N/A',0,NULL,'2014-02-17 22:08:12','2014-02-17 22:08:12'),(399,'TC0390','N/A','INAP','N/A',0,NULL,'N/A','N/A','N/A','N/A',0,'N/A',0,'N/A','ANA KARINA POSADAS','N/A',NULL,'N/A',NULL,NULL,0,'N/A','N/A','N/A',0,'N/A',NULL,'N/A',0,'olhqe0duzm',28,3,0,0,'N/A',0,NULL,'2014-02-17 22:08:12','2014-02-17 22:08:12'),(400,'TC0391','N/A','COL. MEXICO ROMA','N/A',0,NULL,'N/A','N/A','N/A','N/A',0,'N/A',0,'N/A','EDUARDO PRECIADO','N/A',NULL,'N/A',NULL,NULL,0,'N/A','N/A','N/A',0,'N/A',NULL,'N/A',0,'kep8aejkea',28,3,0,0,'N/A',0,NULL,'2014-02-17 22:08:12','2014-02-17 22:08:12'),(401,'TC0392','N/A','CUMP','N/A',0,NULL,'N/A','N/A','N/A','N/A',0,'N/A',0,'N/A','ERICK QUEZADA','N/A',NULL,'N/A',NULL,NULL,0,'N/A','N/A','N/A',0,'N/A',NULL,'N/A',0,'ep71b8uvlr',28,3,0,0,'N/A',0,NULL,'2014-02-17 22:08:12','2014-02-17 22:08:12'),(402,'TC0393','N/A','BERNARDO BALBUENA','N/A',0,NULL,'N/A','N/A','N/A','N/A',0,'N/A',0,'N/A','DANIEL QUINTERO','N/A',NULL,'N/A',NULL,NULL,0,'N/A','N/A','N/A',0,'N/A',NULL,'N/A',0,'08hporxqjq',28,3,0,0,'N/A',0,NULL,'2014-02-17 22:08:12','2014-02-17 22:08:12'),(403,'TC0394','N/A','BERNARDO BALBUENA','N/A',0,NULL,'N/A','N/A','N/A','N/A',0,'N/A',0,'N/A','JOSUE QUINTERO','N/A',NULL,'N/A',NULL,NULL,0,'N/A','N/A','N/A',0,'N/A',NULL,'N/A',0,'7pun8isbku',28,3,0,0,'N/A',0,NULL,'2014-02-17 22:08:12','2014-02-17 22:08:12'),(404,'TC0395','N/A','UNIV. HEBRAICA','N/A',0,NULL,'N/A','N/A','N/A','N/A',0,'N/A',0,'N/A','JULIA RABINOVITZ','N/A',NULL,'N/A',NULL,NULL,0,'N/A','N/A','N/A',0,'N/A',NULL,'N/A',0,'7xossrfsjg',28,3,0,0,'N/A',0,NULL,'2014-02-17 22:08:12','2014-02-17 22:08:12'),(405,'TC0396','N/A','UPN','N/A',0,NULL,'N/A','N/A','N/A','N/A',0,'N/A',0,'N/A','VICTOR   RAGGI','N/A',NULL,'N/A',NULL,NULL,0,'N/A','N/A','N/A',0,'N/A',NULL,'N/A',0,'1t3pako7xb',28,3,0,0,'N/A',0,NULL,'2014-02-17 22:08:12','2014-02-17 22:08:12'),(406,'TC0397','N/A','UPN','N/A',0,NULL,'N/A','N/A','N/A','N/A',0,'N/A',0,'N/A','VICTOR JAVIER RAGGI ','N/A',NULL,'N/A',NULL,NULL,0,'N/A','N/A','N/A',0,'N/A',NULL,'N/A',0,'qnp8xfa9io',28,3,0,0,'N/A',0,NULL,'2014-02-17 22:08:12','2014-02-17 22:08:12'),(407,'TC0398','N/A','BACH. ALEXANDER BAIN','N/A',0,NULL,'N/A','N/A','N/A','N/A',0,'N/A',0,'N/A','CARLOS RAMIREZ','N/A',NULL,'N/A',NULL,NULL,0,'N/A','N/A','N/A',0,'N/A',NULL,'N/A',0,'gsuvd8w560',28,3,0,0,'N/A',0,NULL,'2014-02-17 22:08:12','2014-02-17 22:08:12'),(408,'TC0399','N/A','GYMBOREE COYOACAN','N/A',0,NULL,'N/A','N/A','N/A','N/A',0,'N/A',0,'N/A','LUCERO RAMIREZ','N/A',NULL,'N/A',NULL,NULL,0,'N/A','N/A','N/A',0,'N/A',NULL,'N/A',0,'lxs72pm807',28,3,0,0,'N/A',0,NULL,'2014-02-17 22:08:12','2014-02-17 22:08:12'),(409,'TC0400','N/A','IPN','N/A',0,NULL,'N/A','N/A','N/A','N/A',0,'N/A',0,'N/A','JULIA HORTENSIA RAMIREZ','N/A',NULL,'N/A',NULL,NULL,0,'N/A','N/A','N/A',0,'N/A',NULL,'N/A',0,'nqmnqfzksk',28,3,0,0,'N/A',0,NULL,'2014-02-17 22:08:12','2014-02-17 22:08:12'),(410,'TC0401','N/A','UVM','N/A',0,NULL,'N/A','N/A','N/A','N/A',0,'N/A',0,'N/A','VICTOR  RAMIREZ','N/A',NULL,'N/A',NULL,NULL,0,'N/A','N/A','N/A',0,'N/A',NULL,'N/A',0,'v305dodw03',28,3,0,0,'N/A',0,NULL,'2014-02-17 22:08:12','2014-02-17 22:08:12'),(411,'TC0402','N/A','DGTIC','N/A',0,NULL,'N/A','N/A','N/A','N/A',0,'N/A',0,'N/A','PATRICIA RAMÍREZ','N/A',NULL,'N/A',NULL,NULL,0,'N/A','N/A','N/A',0,'N/A',NULL,'N/A',0,'t7f0l62r45',28,3,0,0,'N/A',0,NULL,'2014-02-17 22:08:12','2014-02-17 22:08:12'),(412,'TC0403','N/A','UNAM','N/A',0,NULL,'N/A','N/A','N/A','N/A',0,'N/A',0,'N/A','LUZ MARIA  RAMIREZ ','N/A',NULL,'N/A',NULL,NULL,0,'N/A','N/A','N/A',0,'N/A',NULL,'N/A',0,'sacoi446vt',28,3,0,0,'N/A',0,NULL,'2014-02-17 22:08:13','2014-02-17 22:08:13'),(413,'TC0404','N/A','UNID','N/A',0,NULL,'N/A','N/A','N/A','N/A',0,'N/A',0,'N/A','DANTE ROGELIO RAMIREZ ','N/A',NULL,'N/A',NULL,NULL,0,'N/A','N/A','N/A',0,'N/A',NULL,'N/A',0,'we1515jcai',28,3,0,0,'N/A',0,NULL,'2014-02-17 22:08:13','2014-02-17 22:08:13'),(414,'TC0405','N/A','CAPACITACION INDUS.','N/A',0,NULL,'N/A','N/A','N/A','N/A',0,'N/A',0,'N/A','ADRIAN RAMOS','N/A',NULL,'N/A',NULL,NULL,0,'N/A','N/A','N/A',0,'N/A',NULL,'N/A',0,'6l54vv3kie',28,3,0,0,'N/A',0,NULL,'2014-02-17 22:08:13','2014-02-17 22:08:13'),(415,'TC0406','N/A','CENT.CAP.TEC EDO MEX','N/A',0,NULL,'N/A','N/A','N/A','N/A',0,'N/A',0,'N/A','MARTHA ALICIA RAMOS','N/A',NULL,'N/A',NULL,NULL,0,'N/A','N/A','N/A',0,'N/A',NULL,'N/A',0,'gck3dratqf',28,3,0,0,'N/A',0,NULL,'2014-02-17 22:08:13','2014-02-17 22:08:13'),(416,'TC0407','N/A','CICEANA','N/A',0,NULL,'N/A','N/A','N/A','N/A',0,'N/A',0,'N/A','GABRIEL EDUARDO RAMOS','N/A',NULL,'N/A',NULL,NULL,0,'N/A','N/A','N/A',0,'N/A',NULL,'N/A',0,'nsyj3wl872',28,3,0,0,'N/A',0,NULL,'2014-02-17 22:08:13','2014-02-17 22:08:13'),(417,'TC0408','N/A','CONALEP','N/A',0,NULL,'N/A','N/A','N/A','N/A',0,'N/A',0,'N/A','JUAN CARLOS  RANGEL','N/A',NULL,'N/A',NULL,NULL,0,'N/A','N/A','N/A',0,'N/A',NULL,'N/A',0,'10tw6os223',28,3,0,0,'N/A',0,NULL,'2014-02-17 22:08:13','2014-02-17 22:08:13'),(418,'TC0409','N/A','INFORMATICO NORTE','N/A',0,NULL,'N/A','N/A','N/A','N/A',0,'N/A',0,'N/A','JOSE CARLOS RANGEL','N/A',NULL,'N/A',NULL,NULL,0,'N/A','N/A','N/A',0,'N/A',NULL,'N/A',0,'l3ajw5tvyn',28,3,0,0,'N/A',0,NULL,'2014-02-17 22:08:13','2014-02-17 22:08:13'),(419,'TC0410','N/A','PROF. DE DIBUJO','N/A',0,NULL,'N/A','N/A','N/A','N/A',0,'N/A',0,'N/A','JORGE ALBERTO RESENDIZ','N/A',NULL,'N/A',NULL,NULL,0,'N/A','N/A','N/A',0,'N/A',NULL,'N/A',0,'b4oefgqwxc',28,3,0,0,'N/A',0,NULL,'2014-02-17 22:08:13','2014-02-17 22:08:13'),(420,'TC0411','N/A','UNAM','N/A',0,NULL,'N/A','N/A','N/A','N/A',0,'N/A',0,'N/A','GONZALO RESENDIZ','N/A',NULL,'N/A',NULL,NULL,0,'N/A','N/A','N/A',0,'N/A',NULL,'N/A',0,'ga9eb94jg1',28,3,0,0,'N/A',0,NULL,'2014-02-17 22:08:13','2014-02-17 22:08:13'),(421,'TC0412','N/A','UNAM','N/A',0,NULL,'N/A','N/A','N/A','N/A',0,'N/A',0,'N/A','MARIA DE LOURDES  RESENDIZ','N/A',NULL,'N/A',NULL,NULL,0,'N/A','N/A','N/A',0,'N/A',NULL,'N/A',0,'ns716g0hg4',28,3,0,0,'N/A',0,NULL,'2014-02-17 22:08:13','2014-02-17 22:08:13'),(422,'TC0413','N/A','COMPUINGLES XOCH.','N/A',0,NULL,'N/A','N/A','N/A','N/A',0,'N/A',0,'N/A','MOISES REYES','N/A',NULL,'N/A',NULL,NULL,0,'N/A','N/A','N/A',0,'N/A',NULL,'N/A',0,'lq9hzblvpj',28,3,0,0,'N/A',0,NULL,'2014-02-17 22:08:13','2014-02-17 22:08:13'),(423,'TC0414','N/A','MARCELINO CHAMPAGNAT','N/A',0,NULL,'N/A','N/A','N/A','N/A',0,'N/A',0,'N/A','EMANUEL SALVADOR REYES','N/A',NULL,'N/A',NULL,NULL,0,'N/A','N/A','N/A',0,'N/A',NULL,'N/A',0,'c5xbsby0my',28,3,0,0,'N/A',0,NULL,'2014-02-17 22:08:13','2014-02-17 22:08:13'),(424,'TC0415','N/A','UNAM','N/A',0,NULL,'N/A','N/A','N/A','N/A',0,'N/A',0,'N/A','ALEJANDRO REYES','N/A',NULL,'N/A',NULL,NULL,0,'N/A','N/A','N/A',0,'N/A',NULL,'N/A',0,'19ftitjd74',28,3,0,0,'N/A',0,NULL,'2014-02-17 22:08:13','2014-02-17 22:08:13'),(425,'TC0416','N/A','UNIV. ANAHUAC','N/A',0,NULL,'N/A','N/A','N/A','N/A',0,'N/A',0,'N/A','NELLY ARIANA REYES','N/A',NULL,'N/A',NULL,NULL,0,'N/A','N/A','N/A',0,'N/A',NULL,'N/A',0,'l4eoqdjkqp',28,3,0,0,'N/A',0,NULL,'2014-02-17 22:08:13','2014-02-17 22:08:13'),(426,'TC0417','N/A','UNIV. PANAMERICANA','N/A',0,NULL,'N/A','N/A','N/A','N/A',0,'N/A',0,'N/A','SERGIO REYES','N/A',NULL,'N/A',NULL,NULL,0,'N/A','N/A','N/A',0,'N/A',NULL,'N/A',0,'omdiuudwq0',28,3,0,0,'N/A',0,NULL,'2014-02-17 22:08:13','2014-02-17 22:08:13'),(427,'TC0418','N/A','UPN','N/A',0,NULL,'N/A','N/A','N/A','N/A',0,'N/A',0,'N/A','ENRIQUE AGUSTIN REYES','N/A',NULL,'N/A',NULL,NULL,0,'N/A','N/A','N/A',0,'N/A',NULL,'N/A',0,'spk1mi148p',28,3,0,0,'N/A',0,NULL,'2014-02-17 22:08:13','2014-02-17 22:08:13'),(428,'TC0419','N/A','IPN','N/A',0,NULL,'N/A','N/A','N/A','N/A',0,'N/A',0,'N/A','SANTIAGO JAIME  REYES ','N/A',NULL,'N/A',NULL,NULL,0,'N/A','N/A','N/A',0,'N/A',NULL,'N/A',0,'jw61tezyjl',28,3,0,0,'N/A',0,NULL,'2014-02-17 22:08:13','2014-02-17 22:08:13'),(429,'TC0420','N/A','UNAM','N/A',0,NULL,'N/A','N/A','N/A','N/A',0,'N/A',0,'N/A','DORA ALICIA  REYES ','N/A',NULL,'N/A',NULL,NULL,0,'N/A','N/A','N/A',0,'N/A',NULL,'N/A',0,'vhck3u3k46',28,3,0,0,'N/A',0,NULL,'2014-02-17 22:08:13','2014-02-17 22:08:13'),(430,'TC0421','N/A','BACHILLERES','N/A',0,NULL,'N/A','N/A','N/A','N/A',0,'N/A',0,'N/A','NOE REYNOSO','N/A',NULL,'N/A',NULL,NULL,0,'N/A','N/A','N/A',0,'N/A',NULL,'N/A',0,'qtlplqbvla',28,3,0,0,'N/A',0,NULL,'2014-02-17 22:08:13','2014-02-17 22:08:13'),(431,'TC0422','N/A','UNIV. PANAMERICANA','N/A',0,NULL,'N/A','N/A','N/A','N/A',0,'N/A',0,'N/A','CLAUDIA RIEBELING','N/A',NULL,'N/A',NULL,NULL,0,'N/A','N/A','N/A',0,'N/A',NULL,'N/A',0,'p5dtgwjibs',28,3,0,0,'N/A',0,NULL,'2014-02-17 22:08:13','2014-02-17 22:08:13'),(432,'TC0423','N/A','EDUC. A DISTANCIA','N/A',0,NULL,'N/A','N/A','N/A','N/A',0,'N/A',0,'N/A','SERGIO FABRICIO RIOS','N/A',NULL,'N/A',NULL,NULL,0,'N/A','N/A','N/A',0,'N/A',NULL,'N/A',0,'7hu2hlt920',28,3,0,0,'N/A',0,NULL,'2014-02-17 22:08:13','2014-02-17 22:08:13'),(433,'TC0424','N/A','INT. TURISMO Y ADMN.','N/A',0,NULL,'N/A','N/A','N/A','N/A',0,'N/A',0,'N/A','JULIAN OCTAVIO RIOS','N/A',NULL,'N/A',NULL,NULL,0,'N/A','N/A','N/A',0,'N/A',NULL,'N/A',0,'ajfjpkxh5b',28,3,0,0,'N/A',0,NULL,'2014-02-17 22:08:13','2014-02-17 22:08:13'),(434,'TC0425','N/A','INTERAMERICANO','N/A',0,NULL,'N/A','N/A','N/A','N/A',0,'N/A',0,'N/A',' DAVID RIOS','N/A',NULL,'N/A',NULL,NULL,0,'N/A','N/A','N/A',0,'N/A',NULL,'N/A',0,'3ocaoqf9cb',28,3,0,0,'N/A',0,NULL,'2014-02-17 22:08:13','2014-02-17 22:08:13'),(435,'TC0426','N/A','INTERAMERICANO','N/A',0,NULL,'N/A','N/A','N/A','N/A',0,'N/A',0,'N/A','JOSE DAVID RIOS','N/A',NULL,'N/A',NULL,NULL,0,'N/A','N/A','N/A',0,'N/A',NULL,'N/A',0,'0n2klp11nu',28,3,0,0,'N/A',0,NULL,'2014-02-17 22:08:13','2014-02-17 22:08:13'),(436,'TC0427','N/A','ALBAERT EINSTEIN','N/A',0,NULL,'N/A','N/A','N/A','N/A',0,'N/A',0,'N/A','CARLOS ELOY RIVERA','N/A',NULL,'N/A',NULL,NULL,0,'N/A','N/A','N/A',0,'N/A',NULL,'N/A',0,'ka5c2d5ldk',28,3,0,0,'N/A',0,NULL,'2014-02-17 22:08:13','2014-02-17 22:08:13'),(437,'TC0428','N/A','BANCARIA COMERCIAL','N/A',0,NULL,'N/A','N/A','N/A','N/A',0,'N/A',0,'N/A','DIEGO RIVERA','N/A',NULL,'N/A',NULL,NULL,0,'N/A','N/A','N/A',0,'N/A',NULL,'N/A',0,'t702ah0pnp',28,3,0,0,'N/A',0,NULL,'2014-02-17 22:08:13','2014-02-17 22:08:13'),(438,'TC0429','N/A','COM. EDU. TOMAS MORO','N/A',0,NULL,'N/A','N/A','N/A','N/A',0,'N/A',0,'N/A','SILVIA RIVERA','N/A',NULL,'N/A',NULL,NULL,0,'N/A','N/A','N/A',0,'N/A',NULL,'N/A',0,'hofrgzgs10',28,3,0,0,'N/A',0,NULL,'2014-02-17 22:08:13','2014-02-17 22:08:13'),(439,'TC0430','N/A','IBEROAMERICANA','N/A',0,NULL,'N/A','N/A','N/A','N/A',0,'N/A',0,'N/A','JORGE RIVERA','N/A',NULL,'N/A',NULL,NULL,0,'N/A','N/A','N/A',0,'N/A',NULL,'N/A',0,'mvty1x61bk',28,3,0,0,'N/A',0,NULL,'2014-02-17 22:08:13','2014-02-17 22:08:13'),(440,'TC0431','N/A','IPN','N/A',0,NULL,'N/A','N/A','N/A','N/A',0,'N/A',0,'N/A','GUILLERMO  RIVERA','N/A',NULL,'N/A',NULL,NULL,0,'N/A','N/A','N/A',0,'N/A',NULL,'N/A',0,'m9odw215vb',28,3,0,0,'N/A',0,NULL,'2014-02-17 22:08:13','2014-02-17 22:08:13'),(441,'TC0432','N/A','UAM','N/A',0,NULL,'N/A','N/A','N/A','N/A',0,'N/A',0,'N/A','ELBA ZULMA RIVERA','N/A',NULL,'N/A',NULL,NULL,0,'N/A','N/A','N/A',0,'N/A',NULL,'N/A',0,'7r3i3e6jpq',28,3,0,0,'N/A',0,NULL,'2014-02-17 22:08:13','2014-02-17 22:08:13'),(442,'TC0433','N/A','UNAM','N/A',0,NULL,'N/A','N/A','N/A','N/A',0,'N/A',0,'N/A','HUGO RIVERA','N/A',NULL,'N/A',NULL,NULL,0,'N/A','N/A','N/A',0,'N/A',NULL,'N/A',0,'ia9xe3sjxe',28,3,0,0,'N/A',0,NULL,'2014-02-17 22:08:13','2014-02-17 22:08:13'),(443,'TC0434','N/A','IPN','N/A',0,NULL,'N/A','N/A','N/A','N/A',0,'N/A',0,'N/A','ADRIANA RIVERA ','N/A',NULL,'N/A',NULL,NULL,0,'N/A','N/A','N/A',0,'N/A',NULL,'N/A',0,'py0yz1f1d6',28,3,0,0,'N/A',0,NULL,'2014-02-17 22:08:14','2014-02-17 22:08:14'),(444,'TC0435','N/A','C.E.O. EST. SAN ANGEL','N/A',0,NULL,'N/A','N/A','N/A','N/A',0,'N/A',0,'N/A','ISRAEL RODRIGUEZ','N/A',NULL,'N/A',NULL,NULL,0,'N/A','N/A','N/A',0,'N/A',NULL,'N/A',0,'wt4ookxntb',28,3,0,0,'N/A',0,NULL,'2014-02-17 22:08:14','2014-02-17 22:08:14'),(445,'TC0436','N/A','UNAM','N/A',0,NULL,'N/A','N/A','N/A','N/A',0,'N/A',0,'N/A','GUILLERMO  RODRIGUEZ','N/A',NULL,'N/A',NULL,NULL,0,'N/A','N/A','N/A',0,'N/A',NULL,'N/A',0,'5f1jwpyy8x',28,3,0,0,'N/A',0,NULL,'2014-02-17 22:08:14','2014-02-17 22:08:14'),(446,'TC0437','N/A','UNAM','N/A',0,NULL,'N/A','N/A','N/A','N/A',0,'N/A',0,'N/A','JORGE ARMANDO  RODRIGUEZ','N/A',NULL,'N/A',NULL,NULL,0,'N/A','N/A','N/A',0,'N/A',NULL,'N/A',0,'cecoz0wrvj',28,3,0,0,'N/A',0,NULL,'2014-02-17 22:08:14','2014-02-17 22:08:14'),(447,'TC0438','N/A','UNITEC','N/A',0,NULL,'N/A','N/A','N/A','N/A',0,'N/A',0,'N/A','JOSE LUIS RODRIGUEZ','N/A',NULL,'N/A',NULL,NULL,0,'N/A','N/A','N/A',0,'N/A',NULL,'N/A',0,'fbyjqrr5dr',28,3,0,0,'N/A',0,NULL,'2014-02-17 22:08:14','2014-02-17 22:08:14'),(448,'TC0439','N/A','UNIVDEP','N/A',0,NULL,'N/A','N/A','N/A','N/A',0,'N/A',0,'N/A','GONZALO RODRIGUEZ','N/A',NULL,'N/A',NULL,NULL,0,'N/A','N/A','N/A',0,'N/A',NULL,'N/A',0,'3mg1mb0fzm',28,3,0,0,'N/A',0,NULL,'2014-02-17 22:08:14','2014-02-17 22:08:14'),(449,'TC0440','N/A','CONACYT','N/A',0,NULL,'N/A','N/A','N/A','N/A',0,'N/A',0,'N/A','FERNANDO RODRIGUEZ ','N/A',NULL,'N/A',NULL,NULL,0,'N/A','N/A','N/A',0,'N/A',NULL,'N/A',0,'wd8u41q14v',28,3,0,0,'N/A',0,NULL,'2014-02-17 22:08:14','2014-02-17 22:08:14'),(450,'TC0441','N/A','COLEGIO GANDHI','N/A',0,NULL,'N/A','N/A','N/A','N/A',0,'N/A',0,'N/A','MARCOS ROJAS','N/A',NULL,'N/A',NULL,NULL,0,'N/A','N/A','N/A',0,'N/A',NULL,'N/A',0,'xqkpg9u2vg',28,3,0,0,'N/A',0,NULL,'2014-02-17 22:08:14','2014-02-17 22:08:14'),(451,'TC0442','N/A','SIERRA NEVADA','N/A',0,NULL,'N/A','N/A','N/A','N/A',0,'N/A',0,'N/A','HECTOR ROJAS','N/A',NULL,'N/A',NULL,NULL,0,'N/A','N/A','N/A',0,'N/A',NULL,'N/A',0,'dh8d7d4da7',28,3,0,0,'N/A',0,NULL,'2014-02-17 22:08:14','2014-02-17 22:08:14'),(452,'TC0443','N/A','UTTECAMAC','N/A',0,NULL,'N/A','N/A','N/A','N/A',0,'N/A',0,'N/A','JOSE ALFREDO ROLDAN','N/A',NULL,'N/A',NULL,NULL,0,'N/A','N/A','N/A',0,'N/A',NULL,'N/A',0,'uffg07ax7q',28,3,0,0,'N/A',0,NULL,'2014-02-17 22:08:14','2014-02-17 22:08:14'),(453,'TC0444','N/A','C. A. DES. ACADEMICO','N/A',0,NULL,'N/A','N/A','N/A','N/A',0,'N/A',0,'N/A','JOSE ANTONIO ROMERO','N/A',NULL,'N/A',NULL,NULL,0,'N/A','N/A','N/A',0,'N/A',NULL,'N/A',0,'jet9v8pbnb',28,3,0,0,'N/A',0,NULL,'2014-02-17 22:08:14','2014-02-17 22:08:14'),(454,'TC0445','N/A','COMPUTER & LANGUAGE','N/A',0,NULL,'N/A','N/A','N/A','N/A',0,'N/A',0,'N/A','EDITH ROMERO','N/A',NULL,'N/A',NULL,NULL,0,'N/A','N/A','N/A',0,'N/A',NULL,'N/A',0,'qjrdw042d3',28,3,0,0,'N/A',0,NULL,'2014-02-17 22:08:14','2014-02-17 22:08:14'),(455,'TC0446','N/A','UNAM','N/A',0,NULL,'N/A','N/A','N/A','N/A',0,'N/A',0,'N/A','JOSE FABIAN  ROMO','N/A',NULL,'N/A',NULL,NULL,0,'N/A','N/A','N/A',0,'N/A',NULL,'N/A',0,'qy3u5hcwzn',28,3,0,0,'N/A',0,NULL,'2014-02-17 22:08:14','2014-02-17 22:08:14'),(456,'TC0447','N/A','UNAM','N/A',0,NULL,'N/A','N/A','N/A','N/A',0,'N/A',0,'N/A','MARIA GABRIELA ROMO ','N/A',NULL,'N/A',NULL,NULL,0,'N/A','N/A','N/A',0,'N/A',NULL,'N/A',0,'2stpjnx7gn',28,3,0,0,'N/A',0,NULL,'2014-02-17 22:08:14','2014-02-17 22:08:14'),(457,'TC0448','N/A','CONALEP','N/A',0,NULL,'N/A','N/A','N/A','N/A',0,'N/A',0,'N/A','JESUS RAYMUNDO ROSALES','N/A',NULL,'N/A',NULL,NULL,0,'N/A','N/A','N/A',0,'N/A',NULL,'N/A',0,'fjuio8nqbf',28,3,0,0,'N/A',0,NULL,'2014-02-17 22:08:14','2014-02-17 22:08:14'),(458,'TC0449','N/A','SUP. GASTRONOMIA','N/A',0,NULL,'N/A','N/A','N/A','N/A',0,'N/A',0,'N/A','ADRIAN ROSAS','N/A',NULL,'N/A',NULL,NULL,0,'N/A','N/A','N/A',0,'N/A',NULL,'N/A',0,'172cdd8vse',28,3,0,0,'N/A',0,NULL,'2014-02-17 22:08:14','2014-02-17 22:08:14'),(459,'TC0450','N/A','UAM','N/A',0,NULL,'N/A','N/A','N/A','N/A',0,'N/A',0,'N/A','JUAN CARLOS ROSAS','N/A',NULL,'N/A',NULL,NULL,0,'N/A','N/A','N/A',0,'N/A',NULL,'N/A',0,'b2j3kcdwlr',28,3,0,0,'N/A',0,NULL,'2014-02-17 22:08:14','2014-02-17 22:08:14'),(460,'TC0451','N/A','UNAM','N/A',0,NULL,'N/A','N/A','N/A','N/A',0,'N/A',0,'N/A','MARIA DE LOURDES ROSAS','N/A',NULL,'N/A',NULL,NULL,0,'N/A','N/A','N/A',0,'N/A',NULL,'N/A',0,'06sjdbhtg1',28,3,0,0,'N/A',0,NULL,'2014-02-17 22:08:14','2014-02-17 22:08:14'),(461,'TC0452','N/A','FLACSO','N/A',0,NULL,'N/A','N/A','N/A','N/A',0,'N/A',0,'N/A','MAURA  RUBIO','N/A',NULL,'N/A',NULL,NULL,0,'N/A','N/A','N/A',0,'N/A',NULL,'N/A',0,'ss5ie6m8gi',28,3,0,0,'N/A',0,NULL,'2014-02-17 22:08:14','2014-02-17 22:08:14'),(462,'TC0453','N/A','CONACYT','N/A',0,NULL,'N/A','N/A','N/A','N/A',0,'N/A',0,'N/A','JAVIER RUEDA','N/A',NULL,'N/A',NULL,NULL,0,'N/A','N/A','N/A',0,'N/A',NULL,'N/A',0,'yhewsj9zfa',28,3,0,0,'N/A',0,NULL,'2014-02-17 22:08:14','2014-02-17 22:08:14'),(463,'TC0454','N/A','EDUC. PRESCOLAR','N/A',0,NULL,'N/A','N/A','N/A','N/A',0,'N/A',0,'N/A','CLAUDIA RUIZ','N/A',NULL,'N/A',NULL,NULL,0,'N/A','N/A','N/A',0,'N/A',NULL,'N/A',0,'5grx4ugqyb',28,3,0,0,'N/A',0,NULL,'2014-02-17 22:08:14','2014-02-17 22:08:14'),(464,'TC0455','N/A','INIFED','N/A',0,NULL,'N/A','N/A','N/A','N/A',0,'N/A',0,'N/A','EMANUEL RUIZ','N/A',NULL,'N/A',NULL,NULL,0,'N/A','N/A','N/A',0,'N/A',NULL,'N/A',0,'sz6t9710ck',28,3,0,0,'N/A',0,NULL,'2014-02-17 22:08:14','2014-02-17 22:08:14'),(465,'TC0456','N/A','UPN','N/A',0,NULL,'N/A','N/A','N/A','N/A',0,'N/A',0,'N/A','GABRIELA RUIZ ','N/A',NULL,'N/A',NULL,NULL,0,'N/A','N/A','N/A',0,'N/A',NULL,'N/A',0,'u9o8yyzo7g',28,3,0,0,'N/A',0,NULL,'2014-02-17 22:08:14','2014-02-17 22:08:14'),(466,'TC0457','N/A','TES ECATEPEC','N/A',0,NULL,'N/A','N/A','N/A','N/A',0,'N/A',0,'N/A','MARIA DOLORES SABIDO ','N/A',NULL,'N/A',NULL,NULL,0,'N/A','N/A','N/A',0,'N/A',NULL,'N/A',0,'erdrq9ofsz',28,3,0,0,'N/A',0,NULL,'2014-02-17 22:08:14','2014-02-17 22:08:14'),(467,'TC0458','N/A','UNAM','N/A',0,NULL,'N/A','N/A','N/A','N/A',0,'N/A',0,'N/A','JAVIER SALAZAR','N/A',NULL,'N/A',NULL,NULL,0,'N/A','N/A','N/A',0,'N/A',NULL,'N/A',0,'gupqm8fz90',28,3,0,0,'N/A',0,NULL,'2014-02-17 22:08:14','2014-02-17 22:08:14'),(468,'TC0459','N/A','UVM','N/A',0,NULL,'N/A','N/A','N/A','N/A',0,'N/A',0,'N/A','RAUL  SALAZAR','N/A',NULL,'N/A',NULL,NULL,0,'N/A','N/A','N/A',0,'N/A',NULL,'N/A',0,'iy6dn8dmsf',28,3,0,0,'N/A',0,NULL,'2014-02-17 22:08:14','2014-02-17 22:08:14'),(469,'TC0460','N/A','UNAM','N/A',0,NULL,'N/A','N/A','N/A','N/A',0,'N/A',0,'N/A','MARIA DEL ROSARIO SALINAS','N/A',NULL,'N/A',NULL,NULL,0,'N/A','N/A','N/A',0,'N/A',NULL,'N/A',0,'4sue7warue',28,3,0,0,'N/A',0,NULL,'2014-02-17 22:08:14','2014-02-17 22:08:14'),(470,'TC0461','N/A','UNIV. ORT MEXICO','N/A',0,NULL,'N/A','N/A','N/A','N/A',0,'N/A',0,'N/A','JAIME SALINAS','N/A',NULL,'N/A',NULL,NULL,0,'N/A','N/A','N/A',0,'N/A',NULL,'N/A',0,'lgvrcugxjn',28,3,0,0,'N/A',0,NULL,'2014-02-17 22:08:14','2014-02-17 22:08:14'),(471,'TC0462','N/A','ASOC. COLEGIO MEXICO','N/A',0,NULL,'N/A','N/A','N/A','N/A',0,'N/A',0,'N/A','GILBERTO SAMANO','N/A',NULL,'N/A',NULL,NULL,0,'N/A','N/A','N/A',0,'N/A',NULL,'N/A',0,'yupj2iwftq',28,3,0,0,'N/A',0,NULL,'2014-02-17 22:08:14','2014-02-17 22:08:14'),(472,'TC0463','N/A','UNAM','N/A',0,NULL,'N/A','N/A','N/A','N/A',0,'N/A',0,'N/A','ALEJANDRINA  SAN JUAN ','N/A',NULL,'N/A',NULL,NULL,0,'N/A','N/A','N/A',0,'N/A',NULL,'N/A',0,'7v9ruwi0lq',28,3,0,0,'N/A',0,NULL,'2014-02-17 22:08:14','2014-02-17 22:08:14'),(473,'TC0464','N/A','CIDE','N/A',0,NULL,'N/A','N/A','N/A','N/A',0,'N/A',0,'N/A','ALBERTO SANCHEZ','N/A',NULL,'N/A',NULL,NULL,0,'N/A','N/A','N/A',0,'N/A',NULL,'N/A',0,'6x9st5bo2e',28,3,0,0,'N/A',0,NULL,'2014-02-17 22:08:14','2014-02-17 22:08:14'),(474,'TC0465','N/A','COLEGIO LUCERNA','N/A',0,NULL,'N/A','N/A','N/A','N/A',0,'N/A',0,'N/A','FERNANDO SANCHEZ','N/A',NULL,'N/A',NULL,NULL,0,'N/A','N/A','N/A',0,'N/A',NULL,'N/A',0,'mp9103oi48',28,3,0,0,'N/A',0,NULL,'2014-02-17 22:08:14','2014-02-17 22:08:14'),(475,'TC0466','N/A','INTERCONTINENTAL','N/A',0,NULL,'N/A','N/A','N/A','N/A',0,'N/A',0,'N/A','SERGIO SANCHEZ','N/A',NULL,'N/A',NULL,NULL,0,'N/A','N/A','N/A',0,'N/A',NULL,'N/A',0,'rdha5xonpv',28,3,0,0,'N/A',0,NULL,'2014-02-17 22:08:14','2014-02-17 22:08:14'),(476,'TC0467','N/A','IPN','N/A',0,NULL,'N/A','N/A','N/A','N/A',0,'N/A',0,'N/A','FLAVIO ARTURO SANCHEZ','N/A',NULL,'N/A',NULL,NULL,0,'N/A','N/A','N/A',0,'N/A',NULL,'N/A',0,'t8kfjginf6',28,3,0,0,'N/A',0,NULL,'2014-02-17 22:08:14','2014-02-17 22:08:14'),(477,'TC0468','N/A','UNAM','N/A',0,NULL,'N/A','N/A','N/A','N/A',0,'N/A',0,'N/A','CARLOS ANDRES SANCHEZ','N/A',NULL,'N/A',NULL,NULL,0,'N/A','N/A','N/A',0,'N/A',NULL,'N/A',0,'6b9btems0r',28,3,0,0,'N/A',0,NULL,'2014-02-17 22:08:15','2014-02-17 22:08:15'),(478,'TC0469','N/A','UNAM','N/A',0,NULL,'N/A','N/A','N/A','N/A',0,'N/A',0,'N/A','IRENE GABRIELA SANCHEZ','N/A',NULL,'N/A',NULL,NULL,0,'N/A','N/A','N/A',0,'N/A',NULL,'N/A',0,'8hzynbrfpj',28,3,0,0,'N/A',0,NULL,'2014-02-17 22:08:15','2014-02-17 22:08:15'),(479,'TC0470','N/A','UNAM','N/A',0,NULL,'N/A','N/A','N/A','N/A',0,'N/A',0,'N/A','MAURICIO FABIAN SANCHEZ','N/A',NULL,'N/A',NULL,NULL,0,'N/A','N/A','N/A',0,'N/A',NULL,'N/A',0,'4mwvl6o1zy',28,3,0,0,'N/A',0,NULL,'2014-02-17 22:08:15','2014-02-17 22:08:15'),(480,'TC0471','N/A','IPN','N/A',0,NULL,'N/A','N/A','N/A','N/A',0,'N/A',0,'N/A','ROCIO DEL CARMEN  SANCHEZ ','N/A',NULL,'N/A',NULL,NULL,0,'N/A','N/A','N/A',0,'N/A',NULL,'N/A',0,'y2ithho42e',28,3,0,0,'N/A',0,NULL,'2014-02-17 22:08:15','2014-02-17 22:08:15'),(481,'TC0472','N/A','IPN','N/A',0,NULL,'N/A','N/A','N/A','N/A',0,'N/A',0,'N/A','ALEJANDRO  SANDOVAL ','N/A',NULL,'N/A',NULL,NULL,0,'N/A','N/A','N/A',0,'N/A',NULL,'N/A',0,'mw324e9mg5',28,3,0,0,'N/A',0,NULL,'2014-02-17 22:08:15','2014-02-17 22:08:15'),(482,'TC0473','N/A','TECNOL. CUINCACALLI','N/A',0,NULL,'N/A','N/A','N/A','N/A',0,'N/A',0,'N/A','HECTOR  SANTANA','N/A',NULL,'N/A',NULL,NULL,0,'N/A','N/A','N/A',0,'N/A',NULL,'N/A',0,'it7ptogtta',28,3,0,0,'N/A',0,NULL,'2014-02-17 22:08:15','2014-02-17 22:08:15'),(483,'TC0474','N/A','UNIV. INTERAM. DESA.','N/A',0,NULL,'N/A','N/A','N/A','N/A',0,'N/A',0,'N/A','ERIKA PAMELA SANTANA','N/A',NULL,'N/A',NULL,NULL,0,'N/A','N/A','N/A',0,'N/A',NULL,'N/A',0,'cwxdo9gq0x',28,3,0,0,'N/A',0,NULL,'2014-02-17 22:08:15','2014-02-17 22:08:15'),(484,'TC0475','N/A','COLEGIO TEIFAROS','N/A',0,NULL,'N/A','N/A','N/A','N/A',0,'N/A',0,'N/A','BLANCA SANTIAGO','N/A',NULL,'N/A',NULL,NULL,0,'N/A','N/A','N/A',0,'N/A',NULL,'N/A',0,'s1h08xf6it',28,3,0,0,'N/A',0,NULL,'2014-02-17 22:08:15','2014-02-17 22:08:15'),(485,'TC0476','N/A','UVM','N/A',0,NULL,'N/A','N/A','N/A','N/A',0,'N/A',0,'N/A','SERGIO ROBERTO SANTIAGO','N/A',NULL,'N/A',NULL,NULL,0,'N/A','N/A','N/A',0,'N/A',NULL,'N/A',0,'6i9p1nwezr',28,3,0,0,'N/A',0,NULL,'2014-02-17 22:08:15','2014-02-17 22:08:15'),(486,'TC0477','N/A','COLMEX','N/A',0,NULL,'N/A','N/A','N/A','N/A',0,'N/A',0,'N/A','FACUNDO CARLOS SARMIENTO','N/A',NULL,'N/A',NULL,NULL,0,'N/A','N/A','N/A',0,'N/A',NULL,'N/A',0,'c519m2lux1',28,3,0,0,'N/A',0,NULL,'2014-02-17 22:08:15','2014-02-17 22:08:15'),(487,'TC0478','N/A','CUMP','N/A',0,NULL,'N/A','N/A','N/A','N/A',0,'N/A',0,'N/A','KAREN SARMIENTO','N/A',NULL,'N/A',NULL,NULL,0,'N/A','N/A','N/A',0,'N/A',NULL,'N/A',0,'jk4cjdehbk',28,3,0,0,'N/A',0,NULL,'2014-02-17 22:08:15','2014-02-17 22:08:15'),(488,'TC0479','N/A','FLACSO','N/A',0,NULL,'N/A','N/A','N/A','N/A',0,'N/A',0,'N/A','ALFREDO SEGOVIA','N/A',NULL,'N/A',NULL,NULL,0,'N/A','N/A','N/A',0,'N/A',NULL,'N/A',0,'6ro5smhj2x',28,3,0,0,'N/A',0,NULL,'2014-02-17 22:08:15','2014-02-17 22:08:15'),(489,'TC0480','N/A','UNAM','N/A',0,NULL,'N/A','N/A','N/A','N/A',0,'N/A',0,'N/A','ANGEL ALBERTO SIERRA','N/A',NULL,'N/A',NULL,NULL,0,'N/A','N/A','N/A',0,'N/A',NULL,'N/A',0,'qjazmbylwt',28,3,0,0,'N/A',0,NULL,'2014-02-17 22:08:15','2014-02-17 22:08:15'),(490,'TC0481','N/A','UNIV. DE NEG. ISEC','N/A',0,NULL,'N/A','N/A','N/A','N/A',0,'N/A',0,'N/A','LUIS SIERRA','N/A',NULL,'N/A',NULL,NULL,0,'N/A','N/A','N/A',0,'N/A',NULL,'N/A',0,'vxffcuipla',28,3,0,0,'N/A',0,NULL,'2014-02-17 22:08:15','2014-02-17 22:08:15'),(491,'TC0482','N/A','ATENCION INTEGRAL','N/A',0,NULL,'N/A','N/A','N/A','N/A',0,'N/A',0,'N/A','MARIA GUADALUPE  SIERRA ','N/A',NULL,'N/A',NULL,NULL,0,'N/A','N/A','N/A',0,'N/A',NULL,'N/A',0,'s8h26khnvr',28,3,0,0,'N/A',0,NULL,'2014-02-17 22:08:15','2014-02-17 22:08:15'),(492,'TC0483','N/A','FORMACION DIGITAL','N/A',0,NULL,'N/A','N/A','N/A','N/A',0,'N/A',0,'N/A','GABRIEL ELIAS SILVA ','N/A',NULL,'N/A',NULL,NULL,0,'N/A','N/A','N/A',0,'N/A',NULL,'N/A',0,'kpjcfxism9',28,3,0,0,'N/A',0,NULL,'2014-02-17 22:08:15','2014-02-17 22:08:15'),(493,'TC0484','N/A','CENTRO LIBERTAD','N/A',0,NULL,'N/A','N/A','N/A','N/A',0,'N/A',0,'N/A','GUADALUPE SIXTOS','N/A',NULL,'N/A',NULL,NULL,0,'N/A','N/A','N/A',0,'N/A',NULL,'N/A',0,'w5ly49ktf8',28,3,0,0,'N/A',0,NULL,'2014-02-17 22:08:15','2014-02-17 22:08:15'),(494,'TC0485','N/A','UAM','N/A',0,NULL,'N/A','N/A','N/A','N/A',0,'N/A',0,'N/A','DANIEL SORIANO','N/A',NULL,'N/A',NULL,NULL,0,'N/A','N/A','N/A',0,'N/A',NULL,'N/A',0,'rp0acm1e3p',28,3,0,0,'N/A',0,NULL,'2014-02-17 22:08:15','2014-02-17 22:08:15'),(495,'TC0486','N/A','UNIV. DE ECATEPEC','N/A',0,NULL,'N/A','N/A','N/A','N/A',0,'N/A',0,'N/A','LUIS MANUEL SOSA','N/A',NULL,'N/A',NULL,NULL,0,'N/A','N/A','N/A',0,'N/A',NULL,'N/A',0,'rat1k12cqn',28,3,0,0,'N/A',0,NULL,'2014-02-17 22:08:15','2014-02-17 22:08:15'),(496,'TC0487','N/A','HARMON HALL','N/A',0,NULL,'N/A','N/A','N/A','N/A',0,'N/A',0,'N/A','EDUARDO SOTO','N/A',NULL,'N/A',NULL,NULL,0,'N/A','N/A','N/A',0,'N/A',NULL,'N/A',0,'61iy4xlnfl',28,3,0,0,'N/A',0,NULL,'2014-02-17 22:08:15','2014-02-17 22:08:15'),(497,'TC0488','N/A','UNAM','N/A',0,NULL,'N/A','N/A','N/A','N/A',0,'N/A',0,'N/A','ERIKA SOUZA','N/A',NULL,'N/A',NULL,NULL,0,'N/A','N/A','N/A',0,'N/A',NULL,'N/A',0,'170z3bla5e',28,3,0,0,'N/A',0,NULL,'2014-02-17 22:08:15','2014-02-17 22:08:15'),(498,'TC0489','N/A','INAP','N/A',0,NULL,'N/A','N/A','N/A','N/A',0,'N/A',0,'N/A','JESUS SUAREZ','N/A',NULL,'N/A',NULL,NULL,0,'N/A','N/A','N/A',0,'N/A',NULL,'N/A',0,'muifichddz',28,3,0,0,'N/A',0,NULL,'2014-02-17 22:08:15','2014-02-17 22:08:15'),(499,'TC0490','N/A','UNAM','N/A',0,NULL,'N/A','N/A','N/A','N/A',0,'N/A',0,'N/A','NORA  TAPIA ','N/A',NULL,'N/A',NULL,NULL,0,'N/A','N/A','N/A',0,'N/A',NULL,'N/A',0,'6ttpdfhyh8',28,3,0,0,'N/A',0,NULL,'2014-02-17 22:08:15','2014-02-17 22:08:15'),(500,'TC0491','N/A','CIDE','N/A',0,NULL,'N/A','N/A','N/A','N/A',0,'N/A',0,'N/A','JORGE ROBERTO  TELLEZ ','N/A',NULL,'N/A',NULL,NULL,0,'N/A','N/A','N/A',0,'N/A',NULL,'N/A',0,'adm9tl3c1v',28,3,0,0,'N/A',0,NULL,'2014-02-17 22:08:15','2014-02-17 22:08:15'),(501,'TC0492','N/A','ESDAI UNIV. PANAM.','N/A',0,NULL,'N/A','N/A','N/A','N/A',0,'N/A',0,'N/A','GEORGINA TORRES','N/A',NULL,'N/A',NULL,NULL,0,'N/A','N/A','N/A',0,'N/A',NULL,'N/A',0,'l56awhxbjd',28,3,0,0,'N/A',0,NULL,'2014-02-17 22:08:15','2014-02-17 22:08:15'),(502,'TC0493','N/A','IPN','N/A',0,NULL,'N/A','N/A','N/A','N/A',0,'N/A',0,'N/A','MONICA ROCIO  TORRES ','N/A',NULL,'N/A',NULL,NULL,0,'N/A','N/A','N/A',0,'N/A',NULL,'N/A',0,'2n40wbowpt',28,3,0,0,'N/A',0,NULL,'2014-02-17 22:08:15','2014-02-17 22:08:15'),(503,'TC0494','N/A','EDUCATIVO IMEI','N/A',0,NULL,'N/A','N/A','N/A','N/A',0,'N/A',0,'N/A','WALTER TORRESTIANA','N/A',NULL,'N/A',NULL,NULL,0,'N/A','N/A','N/A',0,'N/A',NULL,'N/A',0,'idm04m7zq7',28,3,0,0,'N/A',0,NULL,'2014-02-17 22:08:15','2014-02-17 22:08:15'),(504,'TC0495','N/A','INFORMATICO NORTE','N/A',0,NULL,'N/A','N/A','N/A','N/A',0,'N/A',0,'N/A','ROBERTO ALEJANTO TOVAR','N/A',NULL,'N/A',NULL,NULL,0,'N/A','N/A','N/A',0,'N/A',NULL,'N/A',0,'4y0236pfw5',28,3,0,0,'N/A',0,NULL,'2014-02-17 22:08:15','2014-02-17 22:08:15'),(505,'TC0496','N/A','MEXICANA DE COCINA','N/A',0,NULL,'N/A','N/A','N/A','N/A',0,'N/A',0,'N/A','RAUL  TRASLOSERO','N/A',NULL,'N/A',NULL,NULL,0,'N/A','N/A','N/A',0,'N/A',NULL,'N/A',0,'na61540bdu',28,3,0,0,'N/A',0,NULL,'2014-02-17 22:08:15','2014-02-17 22:08:15'),(506,'TC0497','N/A','LENGUAS EXTRANJERAS','N/A',0,NULL,'N/A','N/A','N/A','N/A',0,'N/A',0,'N/A','GONZALO TRINIDAD','N/A',NULL,'N/A',NULL,NULL,0,'N/A','N/A','N/A',0,'N/A',NULL,'N/A',0,'7bb6nq06ui',28,3,0,0,'N/A',0,NULL,'2014-02-17 22:08:15','2014-02-17 22:08:15'),(507,'TC0498','N/A','CENT. ARTE MEXICANO','N/A',0,NULL,'N/A','N/A','N/A','N/A',0,'N/A',0,'N/A','LOURDES TURRET','N/A',NULL,'N/A',NULL,NULL,0,'N/A','N/A','N/A',0,'N/A',NULL,'N/A',0,'l1ojm03ing',28,3,0,0,'N/A',0,NULL,'2014-02-17 22:08:15','2014-02-17 22:08:15'),(508,'TC0499','N/A','IPN','N/A',0,NULL,'N/A','N/A','N/A','N/A',0,'N/A',0,'N/A','AGUSTIN  URIBE ','N/A',NULL,'N/A',NULL,NULL,0,'N/A','N/A','N/A',0,'N/A',NULL,'N/A',0,'he0i8vrw1d',28,3,0,0,'N/A',0,NULL,'2014-02-17 22:08:15','2014-02-17 22:08:15'),(509,'TC0500','N/A','HARMON HALL','N/A',0,NULL,'N/A','N/A','N/A','N/A',0,'N/A',0,'N/A','FERNANDO URRESTA','N/A',NULL,'N/A',NULL,NULL,0,'N/A','N/A','N/A',0,'N/A',NULL,'N/A',0,'kw9w4vxq1d',28,3,0,0,'N/A',0,NULL,'2014-02-17 22:08:16','2014-02-17 22:08:16'),(510,'TC0501','N/A','UNAM','N/A',0,NULL,'N/A','N/A','N/A','N/A',0,'N/A',0,'N/A','VERONICA VADILLO ','N/A',NULL,'N/A',NULL,NULL,0,'N/A','N/A','N/A',0,'N/A',NULL,'N/A',0,'q3vwplxstt',28,3,0,0,'N/A',0,NULL,'2014-02-17 22:08:16','2014-02-17 22:08:16'),(511,'TC0502','N/A','IPN','N/A',0,NULL,'N/A','N/A','N/A','N/A',0,'N/A',0,'N/A','ALEJANDRO  VALDESPINO ','N/A',NULL,'N/A',NULL,NULL,0,'N/A','N/A','N/A',0,'N/A',NULL,'N/A',0,'wblstwrqej',28,3,0,0,'N/A',0,NULL,'2014-02-17 22:08:16','2014-02-17 22:08:16'),(512,'TC0503','N/A','IPN','N/A',0,NULL,'N/A','N/A','N/A','N/A',0,'N/A',0,'N/A','MARIO VALDEZ ','N/A',NULL,'N/A',NULL,NULL,0,'N/A','N/A','N/A',0,'N/A',NULL,'N/A',0,'drecnhgn4c',28,3,0,0,'N/A',0,NULL,'2014-02-17 22:08:16','2014-02-17 22:08:16'),(513,'TC0504','N/A','UNAM','N/A',0,NULL,'N/A','N/A','N/A','N/A',0,'N/A',0,'N/A','REBECA VALENZUELA','N/A',NULL,'N/A',NULL,NULL,0,'N/A','N/A','N/A',0,'N/A',NULL,'N/A',0,'rmkm98x6u6',28,3,0,0,'N/A',0,NULL,'2014-02-17 22:08:16','2014-02-17 22:08:16'),(514,'TC0505','N/A','COM. EDU. TOMAS MORO','N/A',0,NULL,'N/A','N/A','N/A','N/A',0,'N/A',0,'N/A','GUILLERMO VALLE','N/A',NULL,'N/A',NULL,NULL,0,'N/A','N/A','N/A',0,'N/A',NULL,'N/A',0,'5m7mqoz6jy',28,3,0,0,'N/A',0,NULL,'2014-02-17 22:08:16','2014-02-17 22:08:16'),(515,'TC0506','N/A','FUND. PROMO. HUMANA','N/A',0,NULL,'N/A','N/A','N/A','N/A',0,'N/A',0,'N/A','VERONICA VALLE','N/A',NULL,'N/A',NULL,NULL,0,'N/A','N/A','N/A',0,'N/A',NULL,'N/A',0,'2gmv9f3nbm',28,3,0,0,'N/A',0,NULL,'2014-02-17 22:08:16','2014-02-17 22:08:16'),(516,'TC0507','N/A','BANCARIA COMERCIAL','N/A',0,NULL,'N/A','N/A','N/A','N/A',0,'N/A',0,'N/A','JOSE LUIS  VARELA','N/A',NULL,'N/A',NULL,NULL,0,'N/A','N/A','N/A',0,'N/A',NULL,'N/A',0,'vr1w2ddhqz',28,3,0,0,'N/A',0,NULL,'2014-02-17 22:08:16','2014-02-17 22:08:16'),(517,'TC0508','N/A','ESC. POS MODERNAS','N/A',0,NULL,'N/A','N/A','N/A','N/A',0,'N/A',0,'N/A','MIREYA ADRIANA  VARGAS','N/A',NULL,'N/A',NULL,NULL,0,'N/A','N/A','N/A',0,'N/A',NULL,'N/A',0,'qv7j0h7l21',28,3,0,0,'N/A',0,NULL,'2014-02-17 22:08:16','2014-02-17 22:08:16'),(518,'TC0509','N/A','HARMON HALL','N/A',0,NULL,'N/A','N/A','N/A','N/A',0,'N/A',0,'N/A','DANIEL VARGAS','N/A',NULL,'N/A',NULL,NULL,0,'N/A','N/A','N/A',0,'N/A',NULL,'N/A',0,'3lqkmilbr1',28,3,0,0,'N/A',0,NULL,'2014-02-17 22:08:16','2014-02-17 22:08:16'),(519,'TC0510','N/A','UTN','N/A',0,NULL,'N/A','N/A','N/A','N/A',0,'N/A',0,'N/A','GUALBERTO VARGAS','N/A',NULL,'N/A',NULL,NULL,0,'N/A','N/A','N/A',0,'N/A',NULL,'N/A',0,'yq55x87mw9',28,3,0,0,'N/A',0,NULL,'2014-02-17 22:08:16','2014-02-17 22:08:16'),(520,'TC0511','N/A','C.E.S. MONTE FENIX','N/A',0,NULL,'N/A','N/A','N/A','N/A',0,'N/A',0,'N/A','PAOLA VAZQUEZ','N/A',NULL,'N/A',NULL,NULL,0,'N/A','N/A','N/A',0,'N/A',NULL,'N/A',0,'ht6xo3f514',28,3,0,0,'N/A',0,NULL,'2014-02-17 22:08:16','2014-02-17 22:08:16'),(521,'TC0512','N/A','JOSE MARIA LICEAGA','N/A',0,NULL,'N/A','N/A','N/A','N/A',0,'N/A',0,'N/A','ROSALIA VAZQUEZ','N/A',NULL,'N/A',NULL,NULL,0,'N/A','N/A','N/A',0,'N/A',NULL,'N/A',0,'how9aa7isn',28,3,0,0,'N/A',0,NULL,'2014-02-17 22:08:16','2014-02-17 22:08:16'),(522,'TC0513','N/A','REDWOOD SCHOOL','N/A',0,NULL,'N/A','N/A','N/A','N/A',0,'N/A',0,'N/A','ANA MARIA  VAZQUEZ','N/A',NULL,'N/A',NULL,NULL,0,'N/A','N/A','N/A',0,'N/A',NULL,'N/A',0,'xkpcvgi36a',28,3,0,0,'N/A',0,NULL,'2014-02-17 22:08:16','2014-02-17 22:08:16'),(523,'TC0514','N/A','UNAM','N/A',0,NULL,'N/A','N/A','N/A','N/A',0,'N/A',0,'N/A','GUILLERMO  VAZQUEZ','N/A',NULL,'N/A',NULL,NULL,0,'N/A','N/A','N/A',0,'N/A',NULL,'N/A',0,'l8bptwzirh',28,3,0,0,'N/A',0,NULL,'2014-02-17 22:08:16','2014-02-17 22:08:16'),(524,'TC0515','N/A','COL. VALLE DE MEXICO','N/A',0,NULL,'N/A','N/A','N/A','N/A',0,'N/A',0,'N/A','VENANCIO VEGA','N/A',NULL,'N/A',NULL,NULL,0,'N/A','N/A','N/A',0,'N/A',NULL,'N/A',0,'wr7p3itm1u',28,3,0,0,'N/A',0,NULL,'2014-02-17 22:08:16','2014-02-17 22:08:16'),(525,'TC0516','N/A','UNAM','N/A',0,NULL,'N/A','N/A','N/A','N/A',0,'N/A',0,'N/A','ARMANDO VEGA','N/A',NULL,'N/A',NULL,NULL,0,'N/A','N/A','N/A',0,'N/A',NULL,'N/A',0,'gitkf29mjy',28,3,0,0,'N/A',0,NULL,'2014-02-17 22:08:16','2014-02-17 22:08:16'),(526,'TC0517','N/A','UNAM','N/A',0,NULL,'N/A','N/A','N/A','N/A',0,'N/A',0,'N/A','JORGE EDUARDO VEGA ','N/A',NULL,'N/A',NULL,NULL,0,'N/A','N/A','N/A',0,'N/A',NULL,'N/A',0,'hu1755uzjh',28,3,0,0,'N/A',0,NULL,'2014-02-17 22:08:16','2014-02-17 22:08:16'),(527,'TC0518','N/A','FES ARAGON','N/A',0,NULL,'N/A','N/A','N/A','N/A',0,'N/A',0,'N/A','VICTOR RAUL VELASCO','N/A',NULL,'N/A',NULL,NULL,0,'N/A','N/A','N/A',0,'N/A',NULL,'N/A',0,'sn5441j7nu',28,3,0,0,'N/A',0,NULL,'2014-02-17 22:08:16','2014-02-17 22:08:16'),(528,'TC0519','N/A','COL. VALLE DEL TEPEYAC','N/A',0,NULL,'N/A','N/A','N/A','N/A',0,'N/A',0,'N/A','ALEJANDRO VELAZQUEZ','N/A',NULL,'N/A',NULL,NULL,0,'N/A','N/A','N/A',0,'N/A',NULL,'N/A',0,'nhbtgzzdnl',28,3,0,0,'N/A',0,NULL,'2014-02-17 22:08:16','2014-02-17 22:08:16'),(529,'TC0520','N/A','UNAM','N/A',0,NULL,'N/A','N/A','N/A','N/A',0,'N/A',0,'N/A','MARIA DE LOURDES VELAZQUEZ','N/A',NULL,'N/A',NULL,NULL,0,'N/A','N/A','N/A',0,'N/A',NULL,'N/A',0,'tn6uhfnbcp',28,3,0,0,'N/A',0,NULL,'2014-02-17 22:08:16','2014-02-17 22:08:16'),(530,'TC0521','N/A','UNIVERSIDAD LATINA','N/A',0,NULL,'N/A','N/A','N/A','N/A',0,'N/A',0,'N/A','PERLA VIRIDIANA VERA','N/A',NULL,'N/A',NULL,NULL,0,'N/A','N/A','N/A',0,'N/A',NULL,'N/A',0,'qz77fnhhhx',28,3,0,0,'N/A',0,NULL,'2014-02-17 22:08:16','2014-02-17 22:08:16'),(531,'TC0522','N/A','UNIV. ANAHUAC','N/A',0,NULL,'N/A','N/A','N/A','N/A',0,'N/A',0,'N/A','SAUL VERGARA','N/A',NULL,'N/A',NULL,NULL,0,'N/A','N/A','N/A',0,'N/A',NULL,'N/A',0,'yufge3jdgi',28,3,0,0,'N/A',0,NULL,'2014-02-17 22:08:16','2014-02-17 22:08:16'),(532,'TC0523','N/A','ITESM','N/A',0,NULL,'N/A','N/A','N/A','N/A',0,'N/A',0,'N/A','MARIA ELENA  VILLANUEVA','N/A',NULL,'N/A',NULL,NULL,0,'N/A','N/A','N/A',0,'N/A',NULL,'N/A',0,'tc9f45ejjo',28,3,0,0,'N/A',0,NULL,'2014-02-17 22:08:16','2014-02-17 22:08:16'),(533,'TC0524','N/A','CEN. EST. CAFETALES','N/A',0,NULL,'N/A','N/A','N/A','N/A',0,'N/A',0,'N/A','VENERADA VILLAREAL','N/A',NULL,'N/A',NULL,NULL,0,'N/A','N/A','N/A',0,'N/A',NULL,'N/A',0,'sxzjbhhlbk',28,3,0,0,'N/A',0,NULL,'2014-02-17 22:08:16','2014-02-17 22:08:16'),(534,'TC0525','N/A','UNAM','N/A',0,NULL,'N/A','N/A','N/A','N/A',0,'N/A',0,'N/A','DANIEL DE JESUS VILLARREAL','N/A',NULL,'N/A',NULL,NULL,0,'N/A','N/A','N/A',0,'N/A',NULL,'N/A',0,'b5pbnrlv5w',28,3,0,0,'N/A',0,NULL,'2014-02-17 22:08:16','2014-02-17 22:08:16'),(535,'TC0526','N/A','UAM','N/A',0,NULL,'N/A','N/A','N/A','N/A',0,'N/A',0,'N/A','ERNESTO VILLAVICENCIO','N/A',NULL,'N/A',NULL,NULL,0,'N/A','N/A','N/A',0,'N/A',NULL,'N/A',0,'rpd3xfv295',28,3,0,0,'N/A',0,NULL,'2014-02-17 22:08:16','2014-02-17 22:08:16'),(536,'TC0527','N/A','CIALC UNAM','N/A',0,NULL,'N/A','N/A','N/A','N/A',0,'N/A',0,'N/A','CRISTIAN VILORIA','N/A',NULL,'N/A',NULL,NULL,0,'N/A','N/A','N/A',0,'N/A',NULL,'N/A',0,'l2oa2a9mti',28,3,0,0,'N/A',0,NULL,'2014-02-17 22:08:16','2014-02-17 22:08:16'),(537,'TC0528','N/A','UTFV','N/A',0,NULL,'N/A','N/A','N/A','N/A',0,'N/A',0,'N/A','BARUCH VITE ','N/A',NULL,'N/A',NULL,NULL,0,'N/A','N/A','N/A',0,'N/A',NULL,'N/A',0,'v3hadb1zde',28,3,0,0,'N/A',0,NULL,'2014-02-17 22:08:16','2014-02-17 22:08:16'),(538,'TC0529','N/A','ESTRELLA MARTINEZ','N/A',0,NULL,'N/A','N/A','N/A','N/A',0,'N/A',0,'N/A','PENELOPE  VIVANCO ','N/A',NULL,'N/A',NULL,NULL,0,'N/A','N/A','N/A',0,'N/A',NULL,'N/A',0,'3tjpo2ebx6',28,3,0,0,'N/A',0,NULL,'2014-02-17 22:08:16','2014-02-17 22:08:16'),(539,'TC0530','N/A','EDRON ACADEMIC','N/A',0,NULL,'N/A','N/A','N/A','N/A',0,'N/A',0,'N/A','ADAM WIRTH','N/A',NULL,'N/A',NULL,NULL,0,'N/A','N/A','N/A',0,'N/A',NULL,'N/A',0,'0mpvv1dcb9',28,3,0,0,'N/A',0,NULL,'2014-02-17 22:08:16','2014-02-17 22:08:16'),(540,'TC0531','N/A','COLMEX','N/A',0,NULL,'N/A','N/A','N/A','N/A',0,'N/A',0,'N/A','LUIS ENRIQUE YAÑEZ','N/A',NULL,'N/A',NULL,NULL,0,'N/A','N/A','N/A',0,'N/A',NULL,'N/A',0,'k906pz5t0r',28,3,0,0,'N/A',0,NULL,'2014-02-17 22:08:16','2014-02-17 22:08:16'),(541,'TC0532','N/A','IPADE','N/A',0,NULL,'N/A','N/A','N/A','N/A',0,'N/A',0,'N/A','LUIS YAÑEZ','N/A',NULL,'N/A',NULL,NULL,0,'N/A','N/A','N/A',0,'N/A',NULL,'N/A',0,'ogw0gmxmhp',28,3,0,0,'N/A',0,NULL,'2014-02-17 22:08:16','2014-02-17 22:08:16'),(542,'TC0533','N/A','HARMON HALL','N/A',0,NULL,'N/A','N/A','N/A','N/A',0,'N/A',0,'N/A','JORGE ZAMORA','N/A',NULL,'N/A',NULL,NULL,0,'N/A','N/A','N/A',0,'N/A',NULL,'N/A',0,'51aonwsrpj',28,3,0,0,'N/A',0,NULL,'2014-02-17 22:08:17','2014-02-17 22:08:17'),(543,'TC0534','N/A','UNAM','N/A',0,NULL,'N/A','N/A','N/A','N/A',0,'N/A',0,'N/A','LISSETTE ZAMORA','N/A',NULL,'N/A',NULL,NULL,0,'N/A','N/A','N/A',0,'N/A',NULL,'N/A',0,'q8cl6akwxe',28,3,0,0,'N/A',0,NULL,'2014-02-17 22:08:17','2014-02-17 22:08:17'),(544,'TC0535','N/A','INAP','N/A',0,NULL,'N/A','N/A','N/A','N/A',0,'N/A',0,'N/A','MARTIN R. ZARATE','N/A',NULL,'N/A',NULL,NULL,0,'N/A','N/A','N/A',0,'N/A',NULL,'N/A',0,'ohi578ev3a',28,3,0,0,'N/A',0,NULL,'2014-02-17 22:08:17','2014-02-17 22:08:17'),(545,'TC0536','N/A','INTERCONTINENTAL','N/A',0,NULL,'N/A','N/A','N/A','N/A',0,'N/A',0,'N/A','JAIME ZARATE','N/A',NULL,'N/A',NULL,NULL,0,'N/A','N/A','N/A',0,'N/A',NULL,'N/A',0,'dz1xr8d892',28,3,0,0,'N/A',0,NULL,'2014-02-17 22:08:17','2014-02-17 22:08:17'),(546,'TC0537','N/A','ALBERT EINSTEIN','N/A',0,NULL,'N/A','N/A','N/A','N/A',0,'N/A',0,'N/A','NOE ZECUA','N/A',NULL,'N/A',NULL,NULL,0,'N/A','N/A','N/A',0,'N/A',NULL,'N/A',0,'vwseq48gel',28,3,0,0,'N/A',0,NULL,'2014-02-17 22:08:17','2014-02-17 22:08:17'),(547,'TC0538','N/A','BANCARIA COMERCIAL','N/A',0,NULL,'N/A','N/A','N/A','N/A',0,'N/A',0,'N/A','JUAN MANUEL ZENIL ','N/A',NULL,'N/A',NULL,NULL,0,'N/A','N/A','N/A',0,'N/A',NULL,'N/A',0,'q1ahwt38ny',28,3,0,0,'N/A',0,NULL,'2014-02-17 22:08:17','2014-02-17 22:08:17'),(548,'TC0539','N/A','CONALEP','N/A',0,NULL,'N/A','N/A','N/A','N/A',0,'N/A',0,'N/A','HUMBERTO  ZENTELLA','N/A',NULL,'N/A',NULL,NULL,0,'N/A','N/A','N/A',0,'N/A',NULL,'N/A',0,'dkyupaw9ce',28,3,0,0,'N/A',1,'2014-02-17 17:29:01','2014-02-17 22:08:17','2014-02-17 23:29:01'),(549,'TC0540','N/A','IPADE','N/A',0,NULL,'N/A','N/A','N/A','N/A',0,'N/A',0,'N/A','ISRAEL ZUÑIGA','N/A',NULL,'N/A',NULL,NULL,0,'N/A','N/A','N/A',0,'N/A',NULL,'N/A',0,'s3jvxpdg82',28,3,0,0,'N/A',1,'2014-02-17 17:03:55','2014-02-17 22:08:17','2014-02-17 23:03:55'),(550,'TC0541','N/A','UACM','N/A',0,NULL,'N/A','N/A','N/A','N/A',0,'N/A',0,'N/A','HUGO ZÚÑIGA ','N/A',NULL,'N/A',NULL,NULL,0,'N/A','N/A','N/A',0,'N/A',NULL,'N/A',0,'sqzgzdtdrk',28,3,0,0,'N/A',1,'2014-02-17 16:47:09','2014-02-17 22:08:17','2014-02-17 22:47:09');
/*!40000 ALTER TABLE `attendees` ENABLE KEYS */;
UNLOCK TABLES;

--
-- Table structure for table `conferences`
--

DROP TABLE IF EXISTS `conferences`;
/*!40101 SET @saved_cs_client     = @@character_set_client */;
/*!40101 SET character_set_client = utf8 */;
CREATE TABLE `conferences` (
  `id` int(11) NOT NULL AUTO_INCREMENT,
  `name` varchar(255) NOT NULL,
  `conferencist` varchar(255) NOT NULL,
  `start_date` datetime NOT NULL,
  `end_date` datetime NOT NULL,
  `place` varchar(255) NOT NULL,
  `observations` text,
  `event_id` int(11) NOT NULL,
  `created_at` datetime NOT NULL,
  `updated_at` datetime NOT NULL,
  `photo_file_name` varchar(255) DEFAULT NULL,
  `photo_content_type` varchar(255) DEFAULT NULL,
  `photo_file_size` int(11) DEFAULT NULL,
  `photo_updated_at` datetime DEFAULT NULL,
  PRIMARY KEY (`id`),
  KEY `conferences_event_id_fk` (`event_id`),
  CONSTRAINT `conferences_event_id_fk` FOREIGN KEY (`event_id`) REFERENCES `events` (`id`)
) ENGINE=InnoDB AUTO_INCREMENT=12 DEFAULT CHARSET=latin1;
/*!40101 SET character_set_client = @saved_cs_client */;

--
-- Dumping data for table `conferences`
--

LOCK TABLES `conferences` WRITE;
/*!40000 ALTER TABLE `conferences` DISABLE KEYS */;
INSERT INTO `conferences` VALUES (1,'Bienvenida','Ing. Héctor Cárdenas Treviño Vicepresidente ANADIC Nacional','2013-11-24 16:30:00','2013-11-24 17:00:00','Salón Star 1,2,3,4','',1,'2013-11-15 17:20:37','2013-11-15 17:21:50',NULL,NULL,NULL,NULL),(2,'Conferencia Magna Empresarial','N/A','2013-11-24 17:00:00','2013-11-24 18:00:00','Salón Star 1,2,3,4','',1,'2013-11-15 17:24:00','2013-11-15 17:24:00',NULL,NULL,NULL,NULL),(3,'Panel de Innovación','N/A','2013-11-24 18:00:00','2013-11-24 19:00:00','Salón Star 1,2,3,4','',1,'2013-11-15 17:25:13','2013-11-15 17:25:13',NULL,NULL,NULL,NULL),(4,'Conferencia Magna Empresarial \"Nuestra Industria\"','Ing. Juan Luis Tron Melo Director General de Tripp Lite México','2013-11-25 17:30:00','2013-11-25 18:30:00','Salón Star 1,2,3,4','',2,'2013-11-15 17:27:51','2014-01-30 19:22:38','speaker2.jpg','image/jpeg',7337,'2014-01-30 19:22:38'),(5,'Conferencia Magna Empresarial \"2013, Año de Definiciones\"','Ing. Macario Schettino Analista Económico','2013-11-25 18:30:00','2013-11-25 19:30:00','Salón Star 1,2,3,4','',2,'2013-11-15 17:30:32','2014-01-30 19:22:13','speaker1.jpg','image/jpeg',10192,'2014-01-30 19:22:12'),(6,'Conferencia Magna de Gobierno','Ing. María A Villarreal Sánchez Directora General de Tecnologías de la Información y Comunicaciones de la Secretaría de Desarrollo Social del Gobierno Federal (SEDESOL)','2013-11-26 15:00:00','2013-11-26 16:00:00','Salón Star 1,2,3,4','',2,'2013-11-15 17:33:33','2014-01-30 19:23:06','public-speaking-woman-resized-600.jpg','image/jpeg',192058,'2014-01-30 19:23:06'),(7,'LAS TECNOLOGÍAS DE INFORMACIÓN Y COMUNICACIONES EN EL SECTOR FINANCIERO','Rafael Fernández Corro','2014-02-08 15:00:00','2014-02-09 15:00:00','Sala C','',3,'2014-02-04 21:08:54','2014-02-06 21:07:47','conf_rafael-fernandez-corro.jpg','image/jpeg',6397,'2014-02-06 21:07:46'),(8,'TICs E INNOVACION EN EL SECTOR FINANCIERO, LA PERSPECTIVA DEL CEO','Manuel Somoza Alonso','2014-02-04 20:00:00','2014-02-04 21:00:00','Sala D','',3,'2014-02-04 21:10:58','2014-02-06 21:08:11','conf_Manuel-Somoza-2.png','image/png',13090,'2014-02-06 21:08:10'),(9,'RETOS Y TENDENCIAS DE HOY BANCA Y LAS TIC','Samuel Baldwin','2014-02-04 17:00:00','2014-02-04 18:00:00','Sala C','',3,'2014-02-04 21:12:15','2014-02-06 21:08:28','conf_Samuel-Baldwin-Ayestaran.png','image/png',14098,'2014-02-06 21:08:27'),(10,'LA ERRADICACIÓN DE LA EXCLUSIÓN FINANCIERA, EL ROL DE LAS TICS','Mauricio Braverman','2014-02-04 18:00:00','2014-02-04 19:00:00','Sala B','',3,'2014-02-04 21:43:59','2014-02-06 21:08:46','conf_Mauricio-Braverman.png','image/png',12309,'2014-02-06 21:08:45'),(11,'¿EL FIN DE LAS CONTRASEÑAS? DESAFÍOS EN LA AUTENTIFICACIÓN DE USUARIOS','Fernando Catoira','2014-02-04 19:00:00','2014-02-04 20:00:00','Sala D','Security Analyst de ESET Latinoamérica',3,'2014-02-04 21:49:47','2014-02-06 21:10:12','conf_federico-hernandez-compartamos.png','image/png',12952,'2014-02-06 21:10:12');
/*!40000 ALTER TABLE `conferences` ENABLE KEYS */;
UNLOCK TABLES;

--
-- Table structure for table `diaries`
--

DROP TABLE IF EXISTS `diaries`;
/*!40101 SET @saved_cs_client     = @@character_set_client */;
/*!40101 SET character_set_client = utf8 */;
CREATE TABLE `diaries` (
  `id` int(11) NOT NULL AUTO_INCREMENT,
  `event_date` datetime NOT NULL,
  `event_end_date` datetime NOT NULL,
  `event_type` varchar(255) NOT NULL,
  `description` varchar(255) NOT NULL,
  `place` varchar(255) NOT NULL,
  `event_id` int(11) NOT NULL,
  `created_at` datetime NOT NULL,
  `updated_at` datetime NOT NULL,
  PRIMARY KEY (`id`),
  KEY `diaries_event_id_fk` (`event_id`),
  CONSTRAINT `diaries_event_id_fk` FOREIGN KEY (`event_id`) REFERENCES `events` (`id`)
) ENGINE=InnoDB AUTO_INCREMENT=36 DEFAULT CHARSET=latin1;
/*!40101 SET character_set_client = @saved_cs_client */;

--
-- Dumping data for table `diaries`
--

LOCK TABLES `diaries` WRITE;
/*!40000 ALTER TABLE `diaries` DISABLE KEYS */;
INSERT INTO `diaries` VALUES (1,'2013-11-24 07:00:00','2013-11-24 14:00:00','Actividad extra','Juego de Golf ANADIC','Campo de Golf de Moon Palace',1,'2013-11-14 16:46:10','2013-11-14 16:46:10'),(2,'2013-11-24 11:00:00','2013-11-24 15:30:00','Registro','Registro de Participantes','Registro especial segundo piso recepción',1,'2013-11-14 16:50:33','2013-11-14 16:50:33'),(3,'2013-11-24 14:00:00','2013-11-24 16:00:00','Comida','Comida','Restaurantes del Hotel Moon Palace',1,'2013-11-14 16:54:17','2013-11-14 16:54:17'),(4,'2013-11-24 16:30:00','2013-11-24 17:00:00','Bienvenida','Bienvenida por el Ing. Héctor Cárdenas Treviño Vicepresidente Nacional ANADIC','Salón Star 1,2,3,4',1,'2013-11-14 16:59:45','2013-11-14 16:59:45'),(5,'2013-11-24 17:00:00','2013-11-24 18:00:00','Conferencia','Conferencia Magna de Innovación','Salón Star 1,2,3,4',1,'2013-11-14 17:02:22','2013-11-14 17:02:22'),(6,'2013-11-24 18:00:00','2013-11-24 19:00:00','Actividad extra','Panel de innovación','Salón Star 1,2,3,4',1,'2013-11-14 17:33:45','2013-11-14 17:33:45'),(7,'2013-11-24 20:30:00','2013-11-24 21:00:00','Inauguración','Inauguración por el Ing. Luis Arturo Obregón Cervantes Presidente Nacional de ANADIC','Salón Star 5,6,7,8',1,'2013-11-14 17:38:04','2013-11-14 17:45:06'),(8,'2013-11-24 21:00:00','2013-11-25 00:00:00','Cena','Cena de Bienvenida','Salón Star 5,6,7,8',1,'2013-11-14 17:44:32','2013-11-14 17:44:32'),(9,'2013-11-25 07:00:00','2013-11-25 08:45:00','Desayuno','Desayuno','Restaurantes de Moon Palace',1,'2013-11-14 18:06:37','2013-11-14 18:06:37'),(10,'2013-11-25 09:00:00','2013-11-25 15:00:00','Exposición','Exposición','Salón Galactic',1,'2013-11-14 18:08:06','2013-11-14 18:08:06'),(11,'2013-11-25 08:00:00','2013-11-25 15:00:00','Reunion','Reuniones en salones','Salones Jupiter, Saturn, Mars',1,'2013-11-14 18:20:09','2013-11-14 18:20:09'),(12,'2013-11-25 11:00:00','2013-11-25 13:00:00','Actividad extra','Face To Face','Sky Bar segundo piso área del congreso',1,'2013-11-14 18:28:09','2013-11-14 18:28:09'),(13,'2013-11-25 15:00:00','2013-11-25 15:30:00','Actividad extra','Fotografía Grupal','Explanada Junto a la alberca',1,'2013-11-14 18:29:46','2013-11-14 18:29:46'),(14,'2013-11-25 15:30:00','2013-11-25 17:00:00','Comida','Comida','Restaurantes del Hotel Moon Palace',1,'2013-11-14 18:30:55','2013-11-20 23:17:58'),(15,'2013-11-25 17:30:00','2013-11-25 18:30:00','Conferencia','Conferencia Magna Empresarial \"Nuestra Industria\" Impartida por el Ing. Juan Luis Tron Melo Director General de Tripp Lite México','Salón Star 1,2,3,4',1,'2013-11-14 18:37:45','2013-11-14 18:37:45'),(16,'2013-11-25 18:30:00','2013-11-25 19:30:00','Conferencia','Conferencia Magna Empresarial \"2013, Año de definiciones\" impartida por el Ing. Macario Schettino Analista Económico','Salón Star 1,2,3,4',2,'2013-11-14 18:41:32','2013-11-14 18:41:32'),(17,'2013-11-25 19:30:00','2013-11-25 20:45:00','Libre','Libre','Opcional para cambio de vestimenta',2,'2013-11-14 18:43:58','2013-11-14 18:43:58'),(18,'2013-11-25 21:00:00','2013-11-25 23:00:00','Cena','Cena Temática','Salón Star 5,6,7,8',2,'2013-11-14 18:45:57','2013-11-14 18:45:57'),(19,'2013-11-25 23:00:00','2013-11-26 02:00:00','Actividad extra','Disco Night 80´s ','Discoteque del Moon Palace',2,'2013-11-14 18:48:41','2013-11-14 18:48:41'),(20,'2013-11-26 07:00:00','2013-11-26 08:45:00','Desayuno','Desayuno','Restaurantes del Moon Palace',2,'2013-11-14 18:51:05','2013-11-20 21:23:02'),(21,'2013-11-26 09:00:00','2013-11-26 15:00:00','Exposición','Exposición','Salón Galactic',2,'2013-11-14 18:52:18','2013-11-14 18:52:18'),(22,'2013-11-26 08:00:00','2013-11-26 15:00:00','Reunion','Reuniones en salones','Salones Jupiter, Saturn, Mars',2,'2013-11-14 18:54:16','2013-11-14 18:54:16'),(23,'2013-11-26 11:00:00','2013-11-26 13:00:00','Actividad extra','Face To Face','Sky Bar segundo piso área del congreso',2,'2013-11-14 18:55:49','2013-11-14 18:55:49'),(24,'2013-11-26 15:00:00','2013-11-26 16:00:00','Conferencia','Conferencia Magna Gobierno Impartida por Ing. María A. Villarreal Sánchez Villela Directora General de Tecnologías de la Información y Comunicaciones de la Secretaría de Desarrollo Social del Gobierno Federal (SEDESOL)','Salón Star 1,2,3,4',2,'2013-11-14 18:59:12','2013-11-14 18:59:12'),(25,'2013-11-26 16:00:00','2013-11-26 19:30:00','Comida y Tarde Libre','Comida y Tarde Libre','Restaurantes del Hotel Moon Palace - Alberca, Playa del Hotel',2,'2013-11-14 19:04:00','2013-11-14 19:04:00'),(26,'2013-11-26 16:00:00','2013-11-26 17:30:00','Comida','Comida Reunion CAS ANADIC','Salones Júpiter 1,2,3,4',2,'2013-11-14 19:06:19','2013-11-14 19:06:19'),(27,'2013-11-26 21:00:00','2013-11-27 02:00:00','Cena','Cena de Clausura Show','Salón Star 5,6,7,8',2,'2013-11-14 19:07:49','2013-11-14 19:07:49'),(28,'2013-11-27 08:00:00','2013-11-27 10:00:00','Desayuno','Desayuno','Restaurantes de Moon Palace',2,'2013-11-14 19:08:43','2013-11-14 19:08:43'),(29,'2013-11-27 10:00:00','2013-11-27 12:00:00','Junta','Junta de Presidentes','Salón Ejecutivo',2,'2013-11-14 19:09:52','2013-11-14 19:09:52'),(30,'2013-11-27 10:00:00','2013-11-27 12:00:00','Actividad extra','Mañana Libre','Libre',2,'2013-11-14 19:11:09','2013-11-14 19:11:09'),(31,'2013-11-27 12:00:00','2013-11-27 12:00:00','Check Out','Check out','Looby del Hotel',2,'2013-11-14 19:12:02','2013-11-14 19:12:02'),(32,'2014-02-04 09:00:00','2014-02-04 09:30:00','Introducción','Entrega de Gafetes','Sala Principal',3,'2014-02-04 19:13:53','2014-02-04 21:45:17'),(33,'2014-02-04 09:30:00','2014-02-04 14:00:00','Expo','Inicio de Exposiciones','Sala Principal',3,'2014-02-04 19:16:00','2014-02-04 19:16:00'),(34,'2014-02-04 14:00:00','2014-02-04 15:00:00','Recreativo','Comida','Stands 040 al 050',3,'2014-02-04 19:18:05','2014-02-04 19:18:05'),(35,'2014-02-04 15:00:00','2014-02-04 19:00:00','Educativo','Inicio de las Conferencias','Sala B, C y G',3,'2014-02-04 19:22:16','2014-02-04 19:22:16');
/*!40000 ALTER TABLE `diaries` ENABLE KEYS */;
UNLOCK TABLES;

--
-- Table structure for table `events`
--

DROP TABLE IF EXISTS `events`;
/*!40101 SET @saved_cs_client     = @@character_set_client */;
/*!40101 SET character_set_client = utf8 */;
CREATE TABLE `events` (
  `id` int(11) NOT NULL AUTO_INCREMENT,
  `name` varchar(255) NOT NULL,
  `r_name` varchar(255) NOT NULL,
  `r_enterprise` varchar(255) NOT NULL,
  `r_social_reason` varchar(255) NOT NULL,
  `r_phone` varchar(255) DEFAULT NULL,
  `r_email` varchar(255) NOT NULL,
  `r_job` varchar(255) DEFAULT NULL,
  `r_work_street` varchar(255) DEFAULT NULL,
  `r_work_street_number` varchar(255) DEFAULT NULL,
  `r_work_colony` varchar(255) DEFAULT NULL,
  `r_work_zip` varchar(255) DEFAULT NULL,
  `r_city` varchar(255) DEFAULT NULL,
  `r_state` varchar(255) DEFAULT NULL,
  `r_country` varchar(255) DEFAULT NULL,
  `language` varchar(255) DEFAULT NULL,
  `time_zone` varchar(255) DEFAULT NULL,
  `workshop_tolerance` int(11) DEFAULT NULL,
  `has_activity` tinyint(1) DEFAULT NULL,
  `has_conference` tinyint(1) DEFAULT NULL,
  `has_facetoface` tinyint(1) DEFAULT NULL,
  `has_offert` tinyint(1) DEFAULT NULL,
  `has_workshop` tinyint(1) DEFAULT NULL,
  `start_date` datetime NOT NULL,
  `end_date` datetime NOT NULL,
  `is_free` tinyint(1) NOT NULL DEFAULT '1',
  `place` varchar(255) NOT NULL,
  `e_work_street` varchar(255) DEFAULT NULL,
  `e_work_street_number` varchar(255) DEFAULT NULL,
  `e_work_colony` varchar(255) DEFAULT NULL,
  `e_work_zip` varchar(255) DEFAULT NULL,
  `e_city` varchar(255) DEFAULT NULL,
  `e_state` varchar(255) DEFAULT NULL,
  `e_country` varchar(255) DEFAULT NULL,
  `token_for_id` varchar(255) NOT NULL,
  `created_at` datetime NOT NULL,
  `updated_at` datetime NOT NULL,
  `logo_file_name` varchar(255) DEFAULT NULL,
  `logo_content_type` varchar(255) DEFAULT NULL,
  `logo_file_size` int(11) DEFAULT NULL,
  `logo_updated_at` datetime DEFAULT NULL,
  `banner_file_name` varchar(255) DEFAULT NULL,
  `banner_content_type` varchar(255) DEFAULT NULL,
  `banner_file_size` int(11) DEFAULT NULL,
  `banner_updated_at` datetime DEFAULT NULL,
  `logo_bellow_file_name` varchar(255) DEFAULT NULL,
  `logo_bellow_content_type` varchar(255) DEFAULT NULL,
  `logo_bellow_file_size` int(11) DEFAULT NULL,
  `logo_bellow_updated_at` datetime DEFAULT NULL,
  `facebook` varchar(255) DEFAULT NULL,
  `twitter` varchar(255) DEFAULT NULL,
  PRIMARY KEY (`id`)
) ENGINE=InnoDB AUTO_INCREMENT=6 DEFAULT CHARSET=latin1;
/*!40101 SET character_set_client = @saved_cs_client */;

--
-- Dumping data for table `events`
--

LOCK TABLES `events` WRITE;
/*!40000 ALTER TABLE `events` DISABLE KEYS */;
INSERT INTO `events` VALUES (1,'Evento de prueba','Jorge Alberto Luna Quintanilla','Prueba','Innovación y consultoria móvil S.C.','6141111111','contacto@prueba.com.mx','Representante','Heróico colegio militar','123','Nombre de Dios','33333','Chihuahua','Chihuahua','México','es','Chihuahua',15,0,0,0,0,0,'2013-12-10 01:28:40','2014-12-10 01:28:40',1,'Centro de convenciones',NULL,NULL,NULL,NULL,NULL,NULL,NULL,'EP','2014-01-30 00:52:25','2014-01-30 00:52:25',NULL,NULL,NULL,NULL,NULL,NULL,NULL,NULL,NULL,NULL,NULL,NULL,NULL,NULL),(2,'Anadic','Jorge Alberto Luna Quintanilla','Anadic','Innovación y consultoria móvil S.C.','6141111111','contacto@anadic.com.mx','Representante','Heróico colegio militar','123','Nombre de Dios','33333','Chihuahua','Chihuahua','México','es','Chihuahua',15,1,1,1,1,1,'2014-02-04 09:00:00','2014-02-04 21:00:00',1,'Centro de Convenciones','Tecnologico ','#2210','','33201','Chihuahua','Chihuahua','México','AN','2014-01-30 00:52:25','2014-02-04 17:46:49','anadic.png','image/png',16156,'2013-11-14 01:28:41','congreso.png','image/png',21147,'2013-11-14 01:28:41',NULL,NULL,NULL,NULL,NULL,NULL),(3,'TIC Finanzas','Raúl Maese','Emobile','RS','614 233 54 81','raulmaese@gmail.com','','Americas','#2001','Panamericana','30140','Chihuahua','Chihuahua','México','es','Mexico City',15,0,1,0,0,0,'2014-02-04 09:00:00','2014-02-04 19:00:00',1,'Centro de Convenciones','Tecnologico','#2210','','33201','Chihuahua','Chihuahua','México','TC','2014-02-04 17:57:42','2014-02-17 17:36:39','educaccioncentrado.jpg','image/jpeg',590200,'2014-02-06 16:25:29','clouds.jpg','image/jpeg',648659,'2014-02-06 16:25:30','vinculotic.png','image/png',11217,'2014-02-07 19:25:00','','');
/*!40000 ALTER TABLE `events` ENABLE KEYS */;
UNLOCK TABLES;

--
-- Table structure for table `exhibitors`
--

DROP TABLE IF EXISTS `exhibitors`;
/*!40101 SET @saved_cs_client     = @@character_set_client */;
/*!40101 SET character_set_client = utf8 */;
CREATE TABLE `exhibitors` (
  `id` int(11) NOT NULL AUTO_INCREMENT,
  `name` varchar(255) NOT NULL,
  `exposition_key` varchar(255) NOT NULL,
  `social_reason` varchar(255) NOT NULL,
  `contact` varchar(255) NOT NULL,
  `job` varchar(255) DEFAULT NULL,
  `stand_location` varchar(255) DEFAULT NULL,
  `stand_size` varchar(255) DEFAULT NULL,
  `phone` varchar(255) NOT NULL,
  `email` varchar(255) NOT NULL,
  `work_street` varchar(255) DEFAULT NULL,
  `work_street_number` varchar(255) DEFAULT NULL,
  `work_colony` varchar(255) DEFAULT NULL,
  `work_zip` int(11) DEFAULT NULL,
  `web_page` varchar(255) DEFAULT NULL,
  `twitter` varchar(255) DEFAULT NULL,
  `event_id` int(11) NOT NULL,
  `created_at` datetime NOT NULL,
  `updated_at` datetime NOT NULL,
  `logo_file_name` varchar(255) DEFAULT NULL,
  `logo_content_type` varchar(255) DEFAULT NULL,
  `logo_file_size` int(11) DEFAULT NULL,
  `logo_updated_at` datetime DEFAULT NULL,
  PRIMARY KEY (`id`),
  KEY `exhibitors_event_id_fk` (`event_id`),
  CONSTRAINT `exhibitors_event_id_fk` FOREIGN KEY (`event_id`) REFERENCES `events` (`id`)
) ENGINE=InnoDB AUTO_INCREMENT=38 DEFAULT CHARSET=latin1;
/*!40101 SET character_set_client = @saved_cs_client */;

--
-- Dumping data for table `exhibitors`
--

LOCK TABLES `exhibitors` WRITE;
/*!40000 ALTER TABLE `exhibitors` DISABLE KEYS */;
INSERT INTO `exhibitors` VALUES (1,'CISCO','p1m','CISCO SYSTEMS DE MEXICO S.A. DE C.V','N/A','Expositor','N/A','3 X 3','N/A','N/A',NULL,NULL,NULL,NULL,NULL,NULL,1,'2013-11-15 20:25:25','2013-11-15 20:25:25','cisco.jpg','image/jpeg',165324,'2013-11-15 20:25:24'),(2,'D-LINK','7y0','D-LINK MEXICANA, S.A. DE C.V.','N/A','Expositor','N/A','9 X 3','N/A','N/A',NULL,NULL,NULL,NULL,NULL,NULL,1,'2013-11-15 20:26:48','2013-11-15 20:26:48','logo_pagina.jpg','image/jpeg',19278,'2013-11-15 20:26:48'),(3,'HUAWEI','4fy','HUAWEI TECHNOLOGIES DE MEXICO S.A. DE C.V.','Alejandro Garza','Expositor','N/A','6 X 6','N/A','N/A',NULL,NULL,NULL,NULL,NULL,NULL,1,'2013-11-15 20:28:43','2013-11-21 18:35:45','huawei.jpg','image/jpeg',7574,'2013-11-15 20:28:42'),(4,'MICROSOFT','f96','MICROSOFT MEXICO, S.A. DE C.V.','Salvador Cors','Expositor','N/A','9 X 3','N/A','N/A',NULL,NULL,NULL,NULL,NULL,NULL,1,'2013-11-15 20:29:40','2013-11-21 18:25:23','microsoft.jpg','image/jpeg',5619,'2013-11-15 20:29:40'),(5,'SYSCOM','eve','SISTEMAS Y SERVICIOS DE COMUNICACION S.A. DE C.V. ','Jorge Saad','Expositor','N/A','9 X 3','N/A','N/A',NULL,NULL,NULL,NULL,NULL,NULL,1,'2013-11-15 20:30:32','2013-11-21 18:28:50','syscom.jpg','image/jpeg',5867,'2013-11-15 20:30:31'),(6,'TECHDATA','zpg','TECHDATA DE MEXICO S. DE R.L. DE C.V.','Alberto Monroy','Expositor','N/A','6 x 6','N/A','N/A',NULL,NULL,NULL,NULL,NULL,NULL,1,'2013-11-15 20:33:10','2013-11-21 18:29:38','Tech-Data-RGB.jpg','image/jpeg',31235,'2013-11-15 20:33:10'),(7,'TOSHIBA','7k2','TOSHIBA DE MEXICO S.A. DE C.V.','Carlos Canales','Expositor','N/A','6 X 6','N/A','N/A',NULL,NULL,NULL,NULL,NULL,NULL,1,'2013-11-15 21:03:01','2013-11-21 18:31:11','toshiba.jpg','image/jpeg',7385,'2013-11-15 21:03:01'),(8,'ANADIC','3sd','ANADIC','N/A','Expositor','N/A','3 X 3','N/A','N/A',NULL,NULL,NULL,NULL,NULL,NULL,1,'2013-11-15 21:03:49','2013-11-21 18:24:07','anadiclogo.jpg','image/jpeg',29705,'2013-11-15 21:03:49'),(9,'BENQ','u3f','BENQ MEXICO, S. DE R.L. DE C.V.','Israel Bedolla','Expositor','N/A','9 X 3','N/A','N/A',NULL,NULL,NULL,NULL,NULL,NULL,1,'2013-11-15 21:05:34','2013-11-21 18:34:12','benq.jpg','image/jpeg',4732,'2013-11-15 21:05:34'),(10,'BOXLIGHT','z3c','BOXLIGHT LATINOAMERICA, SA de CV','N/A','Expositor','N/A','3 X 3','N/A','N/A',NULL,NULL,NULL,NULL,NULL,NULL,1,'2013-11-15 21:07:02','2013-11-15 21:07:02','box.jpg','image/jpeg',4966,'2013-11-15 21:07:01'),(11,'COMERCIALIZADORA DE VALOR AGREGADO','9en','COMERCIALIZADORA DE VALOR AGREGADO, S.A. DE C.V.','N/A','Expositor','N/A','3 X 3','N/A','N/A',NULL,NULL,NULL,NULL,NULL,NULL,1,'2013-11-15 21:08:18','2013-11-15 21:08:18',NULL,NULL,NULL,NULL),(12,'CT','9gw','CT INTERNACIONAL DEL NOROESTE S.A. DE C.V.','N/A','Expositor','N/A','9 X 3','N/A','N/A',NULL,NULL,NULL,NULL,NULL,NULL,1,'2013-11-15 21:12:34','2013-11-15 21:12:34','ctlogo.PNG','image/png',7283,'2013-11-15 21:12:34'),(13,'EDUVISION','szf','EDUVISION','N/A','Expositor','N/A','3 X 3','N/A','N/A',NULL,NULL,NULL,NULL,NULL,NULL,1,'2013-11-15 21:14:16','2013-11-15 21:14:16',NULL,NULL,NULL,NULL),(14,'GRUPO LOMA DEL NORTE','nh5','GRUPO LOMA DEL NORTE S.A. DE C.V.','Fernando Gonzalez','Expositor','N/A','3 X 3','614 - 238 - 23 - 11','fgonzalez@gloma.com.mx','Quintas del Rio','3211','Nombre de Dios',48104,'gloma.com.mx','@gloma',2,'2013-11-15 21:15:50','2014-01-30 22:41:17','logo2-1.png','image/png',27178,'2014-01-30 22:41:16'),(15,'IMAGEN TI','ja8','IMAGEN TI, S.A. DE C.V.','Luis Díaz','Expositor','N/A','6 x 3','N/A','N/A',NULL,NULL,NULL,NULL,NULL,NULL,2,'2013-11-15 21:18:53','2013-11-21 18:35:10',NULL,NULL,NULL,NULL),(16,'INTCOMEX','pe4','INTCOMEX','N/A','Expositor','N/A','3 X 3','N/A','N/A',NULL,NULL,NULL,NULL,NULL,NULL,2,'2013-11-15 21:21:25','2013-11-21 18:23:14',NULL,NULL,NULL,NULL),(17,'KEEP MOVING','jcc','KEEP MOVING','N/A','Expositor','N/A','3 X 3','N/A','N/A',NULL,NULL,NULL,NULL,NULL,NULL,2,'2013-11-15 21:22:55','2013-11-15 21:22:55',NULL,NULL,NULL,NULL),(18,'MY BUSINESS POS','7rm','MY BUSINESS POS','N/A','Expositor','N/A','3 X 3','N/A','N/A',NULL,NULL,NULL,NULL,NULL,NULL,2,'2013-11-15 21:23:30','2013-11-15 21:23:30',NULL,NULL,NULL,NULL),(19,'OKIDATA','b8v','OKIDATA DE MEXICO, S.A. DE C.V.','N/A','Expositor','N/A','6 x 3','N/A','N/A',NULL,NULL,NULL,NULL,NULL,NULL,2,'2013-11-15 21:24:20','2013-11-15 21:24:20',NULL,NULL,NULL,NULL),(20,'RIZZO COMERCIAL','sfp','RIZZO COMERCIAL, S.A.DE C.V.','N/A','Expositor','N/A','6 x 3','N/A','N/A',NULL,NULL,NULL,NULL,NULL,NULL,2,'2013-11-15 21:25:07','2013-11-15 21:25:07',NULL,NULL,NULL,NULL),(21,' SWAN','0g0','SERVICIOS INTEGRALES HERES, SA de CV','N/A','Expositor','N/A','3 X 3','N/A','N/A',NULL,NULL,NULL,NULL,NULL,NULL,2,'2013-11-15 21:28:13','2013-11-15 21:28:13',NULL,NULL,NULL,NULL),(22,'SIAC','c0c','SIAC','N/A','Expositor','N/A','3 X 3','N/A','N/A',NULL,NULL,NULL,NULL,NULL,NULL,2,'2013-11-15 21:30:59','2013-11-15 21:30:59',NULL,NULL,NULL,NULL),(23,'SMPG','u0j','SMPG','N/A','Expositor','N/A','3 X 3','N/A','N/A',NULL,NULL,NULL,NULL,NULL,NULL,2,'2013-11-15 21:32:23','2013-11-15 21:32:23',NULL,NULL,NULL,NULL),(24,'VORAGO','h0t','VORAGO','N/A','Expositor','N/A','3 X 3','N/A','N/A',NULL,NULL,NULL,NULL,NULL,NULL,2,'2013-11-15 21:32:58','2013-11-15 21:32:58',NULL,NULL,NULL,NULL),(25,'EMOBILE','ask','INNOVACIÓN Y CONSULTORIA MÓVIL S.C,','Juan Torres','Expositor','N/A','3 X 3','N/A','jtorres@emobile.com.mx','','','',0,'','',2,'2013-11-15 23:44:58','2014-02-12 17:56:10','emobile-logo.png','image/png',3429,'2014-02-12 17:56:09'),(26,'KINGSTON','m4l','KINGSTON','Oscar Martínez','N/A','N/A','N/A','N/A','soporte@kingston.com','','','',41342,'','',2,'2013-11-21 18:38:12','2014-02-12 17:55:36','Kingston-Logo.jpg','image/jpeg',21015,'2014-02-12 17:55:34'),(27,'Alfa Centauro','3pj','Alfa Centauro','Roberto Gonzalez','Expositor','','','614 241 44 05','rgonzalez@alfa.com.mx','Acueducto','914','Gustavo A Madero',32144,'alfa.com.mx','@alfacentauro',3,'2014-02-04 18:22:46','2014-02-07 18:26:47','logo_alfacentauro.jpeg','image/jpeg',4393,'2014-02-07 18:26:46'),(28,'Amero Forex','ctm','Amero Forex','Saul Gamboa','Expositor','','','614 948 34 01','sgamboa@amero.com.mx','Lesina ','119','Lomas de la Estrella',44215,'ameroforex.com.mx','@amerofx',3,'2014-02-04 18:25:43','2014-02-07 18:23:15','logo_amero.jpeg','image/jpeg',5185,'2014-02-07 18:23:15'),(29,'Asesores Financieros Especializados','s5q','Asesores Financieros Especializados','Jorge Nevarez','Director Ejecutivo','','','421 553 40 14','jnevares@asef.com','Calzada de Tlalpan','5821','Huipulco',14240,'asef.com','@asef',3,'2014-02-04 18:28:03','2014-02-07 18:22:48','logo_asesores.jpeg','image/jpeg',6080,'2014-02-07 18:22:48'),(30,'Asofin','ckl','Asofin','Amanda Velasquez','Agente de Ventas','','','555 942 20 14','avelasquez@asofin.com','Benjamin Franklin','47','Condesa',41004,'asofin.com','@asofin',3,'2014-02-04 18:32:42','2014-02-07 18:22:21','logo_asofin.jpeg','image/jpeg',6753,'2014-02-07 18:22:20'),(31,'BanPro','jh1','BanPro','Alberto Perez','Agente de Ventas','','','614 029 48 21','aperez@banpro.com.mx','Dolores ','38','Cuauhtemoc',48140,'banpro.com.mx','@banpro',3,'2014-02-04 18:35:08','2014-02-07 18:21:35','logo_banpro.jpeg','image/jpeg',4852,'2014-02-07 18:21:34'),(32,'Finanzas para todos','t3d','Finanzas para todos','Fernando Lerma','C E O','','','442 749 01 88','flerma@ftodos.com','Ave. Vallarta','949','Burocrata',40031,'ftodos.com.mx','@ftodos',3,'2014-02-04 18:37:49','2014-02-07 18:21:10','logo_finanazas_para_todos.jpeg','image/jpeg',3994,'2014-02-07 18:21:09'),(33,'Finco ','qbm','Finco','Ramon Fernandez','Expositor','','','614 910 88 28','rfernandez@finco.com','Calle Guadalupe Victoria','481','Benito Juarez',10399,'finco.com','@finco',3,'2014-02-04 18:52:50','2014-02-07 18:20:39','logo_finco.jpeg','image/jpeg',9686,'2014-02-07 18:20:39'),(34,'Ministerio de Finanzas','r94','Ministerio de Finanzas','Mario Ramirez','Expositor','','','555 012 88 41','mramirez@mfinanzas.com.mx','Calle Arenal','36','Alvaro Obregon',49303,'mfinanzas.com.mx','@mfinanza',3,'2014-02-04 18:55:26','2014-02-07 18:20:14','logo_ministerio_de_finanzas.jpeg','image/jpeg',3477,'2014-02-07 18:20:13'),(35,'PROFECO','g0e','Procuradoria Federal del Consumidor','Ana Garcia','Expositor','','','555 890 01 74','agarcia@profeco.com.mx','Calle Orizaba','402','Roma Norte',42012,'profeco.com.mx','@profeco',3,'2014-02-04 18:58:40','2014-02-07 18:19:36','logo_profeco.jpeg','image/jpeg',6541,'2014-02-07 18:19:36'),(36,'Secretaría de Finanzas y Administración','yg4','Secretaría de Finanzas y Administración','Cesar Palma','Expositor','','','614 991 84 12','licpalma@secfinadm.com','Calle Puebla','322','Roma',49100,'secfinadm.com','@secfinadm',3,'2014-02-04 19:01:11','2014-02-07 18:18:33','logo_secretaria_de_finanzas.jpeg','image/jpeg',7883,'2014-02-07 18:18:32'),(37,'Solar','9fw','Solar Ahorro y Finanzas','Francisco Meraz','Director','','','321 441 03 19','fmeraz@solar.com.mx','Ave Abraham Gonzalez','140','Centro',49921,'solar.com','@solar',3,'2014-02-04 19:03:54','2014-02-07 18:17:56','logo_solar_ahorros.jpeg','image/jpeg',4058,'2014-02-07 18:17:55');
/*!40000 ALTER TABLE `exhibitors` ENABLE KEYS */;
UNLOCK TABLES;

--
-- Table structure for table `expositions`
--

DROP TABLE IF EXISTS `expositions`;
/*!40101 SET @saved_cs_client     = @@character_set_client */;
/*!40101 SET character_set_client = utf8 */;
CREATE TABLE `expositions` (
  `id` int(11) NOT NULL AUTO_INCREMENT,
  `name` varchar(255) NOT NULL,
  `location` varchar(255) NOT NULL,
  `observations` varchar(255) DEFAULT NULL,
  `start_date` datetime NOT NULL,
  `end_date` datetime NOT NULL,
  `event_id` int(11) NOT NULL,
  `created_at` datetime NOT NULL,
  `updated_at` datetime NOT NULL,
  PRIMARY KEY (`id`),
  KEY `expositions_event_id_fk` (`event_id`),
  CONSTRAINT `expositions_event_id_fk` FOREIGN KEY (`event_id`) REFERENCES `events` (`id`)
) ENGINE=InnoDB AUTO_INCREMENT=4 DEFAULT CHARSET=latin1;
/*!40101 SET character_set_client = @saved_cs_client */;

--
-- Dumping data for table `expositions`
--

LOCK TABLES `expositions` WRITE;
/*!40000 ALTER TABLE `expositions` DISABLE KEYS */;
INSERT INTO `expositions` VALUES (1,'Exposición General','Salón Galactic','Para TODOS los grupos','2013-11-25 09:00:00','2013-11-25 15:00:00',1,'2013-11-15 01:04:18','2013-11-15 01:05:50'),(2,'Exposición General','Salón Galactic','Para TODOS los grupos','2013-11-26 09:00:00','2013-11-26 15:00:00',2,'2013-11-15 01:05:28','2013-11-15 01:05:28'),(3,'Exposición Principal','Sala Principal','Más de 50 expositores de todo el país','2014-02-04 09:30:00','2014-02-04 14:00:00',3,'2014-02-04 18:10:39','2014-02-04 18:10:39');
/*!40000 ALTER TABLE `expositions` ENABLE KEYS */;
UNLOCK TABLES;

--
-- Table structure for table `face_to_faces`
--

DROP TABLE IF EXISTS `face_to_faces`;
/*!40101 SET @saved_cs_client     = @@character_set_client */;
/*!40101 SET character_set_client = utf8 */;
CREATE TABLE `face_to_faces` (
  `id` int(11) NOT NULL AUTO_INCREMENT,
  `attendee_id` int(11) NOT NULL,
  `int_contact` varchar(255) NOT NULL,
  `int_job` varchar(255) NOT NULL,
  `int_name` varchar(255) NOT NULL,
  `subject` varchar(255) NOT NULL,
  `start_date` datetime NOT NULL,
  `end_date` datetime NOT NULL,
  `event_id` int(11) NOT NULL,
  `created_at` datetime NOT NULL,
  `updated_at` datetime NOT NULL,
  PRIMARY KEY (`id`),
  KEY `face_to_faces_attendee_id_fk` (`attendee_id`),
  KEY `face_to_faces_event_id_fk` (`event_id`),
  CONSTRAINT `face_to_faces_event_id_fk` FOREIGN KEY (`event_id`) REFERENCES `events` (`id`),
  CONSTRAINT `face_to_faces_attendee_id_fk` FOREIGN KEY (`attendee_id`) REFERENCES `attendees` (`id`)
) ENGINE=InnoDB AUTO_INCREMENT=5 DEFAULT CHARSET=latin1;
/*!40101 SET character_set_client = @saved_cs_client */;

--
-- Dumping data for table `face_to_faces`
--

LOCK TABLES `face_to_faces` WRITE;
/*!40000 ALTER TABLE `face_to_faces` DISABLE KEYS */;
INSERT INTO `face_to_faces` VALUES (1,4,'Gilberto Sánchez','Ventas','ASPEL','Entrevista','2014-01-01 17:00:00','2014-01-01 18:00:00',2,'2014-01-30 19:29:44','2014-01-30 19:29:44'),(3,1,'N/A','Expositor',' SWAN','Cita','2014-02-12 12:32:00','2014-02-12 13:32:00',2,'2014-02-12 19:32:07','2014-02-12 19:32:07'),(4,1,'Gilberto Sánchez','Ventas','ASPEL','Cita','2014-02-13 12:35:00','2014-02-13 13:35:00',2,'2014-02-12 19:36:02','2014-02-12 19:36:02');
/*!40000 ALTER TABLE `face_to_faces` ENABLE KEYS */;
UNLOCK TABLES;

--
-- Table structure for table `groups`
--

DROP TABLE IF EXISTS `groups`;
/*!40101 SET @saved_cs_client     = @@character_set_client */;
/*!40101 SET character_set_client = utf8 */;
CREATE TABLE `groups` (
  `id` int(11) NOT NULL AUTO_INCREMENT,
  `name` varchar(255) NOT NULL,
  `event_id` int(11) NOT NULL,
  `created_at` datetime NOT NULL,
  `updated_at` datetime NOT NULL,
  PRIMARY KEY (`id`),
  KEY `groups_event_id_fk` (`event_id`),
  CONSTRAINT `groups_event_id_fk` FOREIGN KEY (`event_id`) REFERENCES `events` (`id`)
) ENGINE=InnoDB AUTO_INCREMENT=8 DEFAULT CHARSET=latin1;
/*!40101 SET character_set_client = @saved_cs_client */;

--
-- Dumping data for table `groups`
--

LOCK TABLES `groups` WRITE;
/*!40000 ALTER TABLE `groups` DISABLE KEYS */;
INSERT INTO `groups` VALUES (1,'Grupo 1',1,'2013-11-14 01:28:41','2013-11-14 01:28:41'),(2,'Grupo 2',2,'2013-11-14 01:28:41','2013-11-14 01:28:41'),(3,'prueba',2,'2013-11-20 07:17:56','2013-11-20 07:17:56'),(4,'Main group',2,'2014-02-04 17:57:43','2014-02-04 17:57:43'),(7,'Grupo',3,'2014-02-17 17:55:42','2014-02-17 17:55:42');
/*!40000 ALTER TABLE `groups` ENABLE KEYS */;
UNLOCK TABLES;

--
-- Table structure for table `hours`
--

DROP TABLE IF EXISTS `hours`;
/*!40101 SET @saved_cs_client     = @@character_set_client */;
/*!40101 SET character_set_client = utf8 */;
CREATE TABLE `hours` (
  `id` int(11) NOT NULL AUTO_INCREMENT,
  `start_date` datetime NOT NULL,
  `end_date` datetime NOT NULL,
  `event_id` int(11) NOT NULL,
  `created_at` datetime NOT NULL,
  `updated_at` datetime NOT NULL,
  PRIMARY KEY (`id`),
  KEY `hours_event_id_fk` (`event_id`),
  CONSTRAINT `hours_event_id_fk` FOREIGN KEY (`event_id`) REFERENCES `events` (`id`)
) ENGINE=InnoDB AUTO_INCREMENT=12 DEFAULT CHARSET=latin1;
/*!40101 SET character_set_client = @saved_cs_client */;

--
-- Dumping data for table `hours`
--

LOCK TABLES `hours` WRITE;
/*!40000 ALTER TABLE `hours` DISABLE KEYS */;
INSERT INTO `hours` VALUES (1,'2014-01-01 11:00:00','2014-01-01 12:00:00',2,'2014-01-30 18:52:04','2014-01-30 18:52:04'),(2,'2014-01-01 12:00:00','2014-01-01 13:00:00',2,'2014-01-30 18:53:02','2014-01-30 18:53:02'),(3,'2014-02-01 10:00:00','2014-02-01 11:00:00',2,'2014-01-30 22:45:59','2014-01-30 22:45:59'),(4,'2014-02-12 10:00:00','2014-02-12 11:00:00',3,'2014-02-12 17:47:03','2014-02-12 17:47:03'),(5,'2014-02-12 12:00:00','2014-02-12 13:00:00',3,'2014-02-12 17:50:47','2014-02-12 17:50:47'),(11,'2014-02-13 15:37:00','2014-02-13 16:37:00',3,'2014-02-12 22:38:17','2014-02-12 22:38:17');
/*!40000 ALTER TABLE `hours` ENABLE KEYS */;
UNLOCK TABLES;

--
-- Table structure for table `mail_templates`
--

DROP TABLE IF EXISTS `mail_templates`;
/*!40101 SET @saved_cs_client     = @@character_set_client */;
/*!40101 SET character_set_client = utf8 */;
CREATE TABLE `mail_templates` (
  `id` int(11) NOT NULL AUTO_INCREMENT,
  `name` varchar(255) DEFAULT NULL,
  `content` longtext NOT NULL,
  `event_id` int(11) NOT NULL,
  `created_at` datetime NOT NULL,
  `updated_at` datetime NOT NULL,
  PRIMARY KEY (`id`),
  KEY `mail_templates_event_id_fk` (`event_id`),
  CONSTRAINT `mail_templates_event_id_fk` FOREIGN KEY (`event_id`) REFERENCES `events` (`id`)
) ENGINE=InnoDB AUTO_INCREMENT=9 DEFAULT CHARSET=latin1;
/*!40101 SET character_set_client = @saved_cs_client */;

--
-- Dumping data for table `mail_templates`
--

LOCK TABLES `mail_templates` WRITE;
/*!40000 ALTER TABLE `mail_templates` DISABLE KEYS */;
INSERT INTO `mail_templates` VALUES (1,'acknowledgment_template','<table width=\"100%\" border=\"0\" cellspacing=\"0\" cellpadding=\"0\">\r\n  <tbody><tr>\r\n    <td align=\"center\" valign=\"top\" bgcolor=\"#797979\" style=\"background-color:#797979;\"><br>\r\n      <br>\r\n      <table width=\"600\" border=\"0\" cellspacing=\"0\" cellpadding=\"0\">\r\n        <tbody><tr>\r\n          <td colspan=\"2\" align=\"left\" valign=\"top\" bgcolor=\"#2a2a2a\" style=\"background-color:#2a2a2a; padding:10px;\">\r\n\r\n            <p style=\"font-family:Arial, \'Arial Narrow\', Times, serif; color:#F2F2F2; font-size:30px; font-weight: bold;\">ExpoMobile</p>\r\n            <p style=\"font-family:Arial, \'Arial Narrow\', Times, serif; color:#F2F2F2; font-size:18px;\"><span style=\"font-weight: bold;\">Gracias&nbsp;</span>&lt;%= @attendee.a_name %&gt;</p>\r\n          </td>\r\n\r\n        </tr>\r\n        <tr>\r\n          <td width=\"201\" align=\"center\" valign=\"top\" style=\"padding:12px; background-color:#ffffff;\" bgcolor=\"#ffffff;\"><table width=\"100%\" border=\"0\" cellspacing=\"0\" cellpadding=\"4\" style=\"margin-bottom:20px;\">\r\n              <tbody><tr>\r\n                <td align=\"left\" valign=\"top\" style=\"font-family:Verdana, Geneva, sans-serif; font-size:14px; color:#000000;\"><b>Visitanos</b></td>\r\n              </tr>\r\n              <tr>\r\n                <td align=\"left\" valign=\"top\" style=\"font-family:Verdana, Geneva, sans-serif; font-size:16px; color:#08298A;\"><a href=\"http://www.emobile.com.mx/mx/\" style=\"color:#08298A; text-decoration:underline;\">www.emobile.com.mx</a><br>\r\n\r\n            </td></tr></tbody></table>\r\n            <table width=\"100%\" border=\"0\" cellspacing=\"0\" cellpadding=\"4\" style=\"margin-bottom:20px;\">\r\n\r\n              <tbody><tr>\r\n                <td align=\"left\" valign=\"top\" style=\"font-family:Verdana, Geneva, sans-serif; font-size:12px; color:#000000;\">\r\n                  <div style=\"color:#2E2E2E; font-size:19px;\"><b>Con ExpoMobile disfruta de:</b><br>\r\n                  </div>\r\n                  <div style=\"color:#000000;\"> \r\n                    <ul type=\"disk\">\r\n                      <li> Información sobre tu horario.\r\n                      </li><li> Agenda de todos los eventos. \r\n                      </li><li> Registra tu visita a todas las exposiciones y talleres desde tu móvil.\r\n                      </li><li> Información sobre patrocinadores y ofertas\r\n                      </li><li> Y mucho más... \r\n                    </li></ul>\r\n                  </div> </td>\r\n              </tr>\r\n            </tbody></table>\r\n            <table width=\"100%\" border=\"0\" cellspacing=\"0\" cellpadding=\"4\" style=\"margin-bottom:20px;\">\r\n\r\n              <tbody><tr>\r\n              </tr>\r\n              <tr>\r\n                <td width=\"100%\" align=\"middle\" valign=\"middle\"><img src=\"http://expomobile.com.mx/assets/descarga.jpg\" width=\"150\" height=\"110\"></td>\r\n\r\n\r\n              </tr>\r\n              <tr>\r\n                <td width=\"100%\" align=\"middle\" valign=\"middle\"><img src=\"http://expomobile.com.mx/assets/logoexpo.png\" width=\"150\" height=\"105\"></td>\r\n\r\n\r\n              </tr>\r\n              <tr>\r\n                <td align=\"left\" valign=\"top\" style=\"font-family:Verdana, Geneva, sans-serif; font-size:14px; color:#000000;\"><b>Siguenos en</b></td>\r\n              </tr>\r\n              <tr>\r\n                <td align=\"left\" valign=\"top\" style=\"font-family:Verdana, Geneva, sans-serif; font-size:12px; color:#000000;\"><table width=\"100%\" border=\"0\" cellspacing=\"0\" cellpadding=\"0\">\r\n                    <tbody><tr>\r\n                      <td width=\"33%\" align=\"left\" valign=\"middle\"><a href=\"https://twitter.com/eMobile_MI\"><img src=\"http://expomobile.com.mx/assets/tweet48.png\" width=\"48\" height=\"48\"></a><a href=\"https://www.facebook.com/eMobileMobilizingIdeas\"><img src=\"http://expomobile.com.mx/assets/face48.png\" width=\"48\" height=\"48\"></a></td>\r\n\r\n                    </tr>\r\n\r\n                  </tbody></table></td>\r\n              </tr>\r\n            </tbody></table></td>\r\n          <td align=\"left\" valign=\"top\" style=\"background-color:#e4e4e4; padding:10px;\" bgcolor=\"#e4e4e4;\"><table width=\"100%\" border=\"0\" cellspacing=\"0\" cellpadding=\"0\">\r\n              <tbody><tr>\r\n                <td align=\"left\" valign=\"top\" style=\"font-family:Verdana, Geneva, sans-serif; color:#6e6e6e;\">\r\n                  <div style=\"font-size:35px; font-family:Freestyle Script, Geneva, sans-serif;\"><b>Movilidad para su evento... </b></div>\r\n                  <div style=\"font-size:15px;\"><b></b></div>\r\n                  <p></p>\r\n                  <div style=\"font-size:24px; \"><b>Bienvenido </b></div>\r\n                  <div style=\"font-size:14px;\"><br>\r\n                    <b>eMobile te dá la bienvenida, administra tu congreso Anadic desde tu celular</b></div>\r\n                  <div><br>\r\n                    <img src=\"http://expomobile.com.mx/assets/iphoneexpo.png\" width=\"349\" height=\"161\" style=\"display:block;\"></div>\r\n                  <div style=\"font-size:13px;\"><br>Si eres usuario de Android (versiones posteriores a 2.3) te sugerimos descargues y obtengas nuestra aplicación móvil del siguiente enlace, para que tu participación en el evento sea mas cómoda y dinámica.\r\n                    <br>\r\n                    <br>\r\n                    <br>\r\n                  </div>\r\n                  <div style=\"font-size:16px; color:#045FB4;\"><b>Importante: Si ya obtuviste la aplicación previamente es importante la actualices</b></div>\r\n                  <div style=\"font-size:11px;\"><br>\r\n                    <a href=\"https://play.google.com/store/apps/details?id=mx.com.emobile.expomobile\" style=\"color:#000; text-decoration:underline; font-size: 16px;\"><br>Click aqui para obtener ExpoMobile<br></a> <br>\r\n                    <br>\r\n                  </div>\r\n\r\n                  <p></p>\r\n                  <p></p>\r\n                  <p></p>\r\n                  <p></p>\r\n                  <p></p>\r\n                  <p></p>\r\n                  <p></p>\r\n                  <p></p>\r\n\r\n                  <div style=\"font-size:16px; color:#886A08;\"><b>Próximamente versión iOS...</b></div>\r\n\r\n                </td>\r\n              </tr>\r\n            </tbody></table></td>\r\n        </tr>\r\n      </tbody></table>\r\n      <br>\r\n      <br></td>\r\n  </tr>\r\n</tbody></table>',2,'2013-12-21 19:38:18','2013-12-21 20:49:11'),(2,'invitation_template','<table width=\"100%\" border=\"0\" cellspacing=\"0\" cellpadding=\"0\">\r\n  <tbody><tr>\r\n    <td align=\"center\" valign=\"top\" bgcolor=\"#797979\" style=\"background-color:#797979;\"><br>\r\n      <br>\r\n      <table width=\"600\" border=\"0\" cellspacing=\"0\" cellpadding=\"0\">\r\n        <tbody><tr>\r\n          <td colspan=\"2\" align=\"left\" valign=\"top\" bgcolor=\"#2a2a2a\" style=\"background-color:#2a2a2a; padding:10px;\">\r\n\r\n            <p style=\"font-family:Arial, \'Arial Narrow\', Times, serif; color:#F2F2F2; font-size:30px; font-weight: bold;\">ExpoMobile</p>\r\n            <p style=\"font-family:Arial, \'Arial Narrow\', Times, serif; color:#F2F2F2; font-size:18px;\">Hola &lt;%= @attendee.a_name %&gt;</p><p style=\"font-family:Arial, \'Arial Narrow\', Times, serif; color:#F2F2F2; font-size:18px;\">Te invitamos a probar la nueva versión de nuestra aplicación</p>\r\n          </td>\r\n\r\n        </tr>\r\n        <tr>\r\n          <td width=\"201\" align=\"center\" valign=\"top\" style=\"padding:12px; background-color:#ffffff;\" bgcolor=\"#ffffff;\"><table width=\"100%\" border=\"0\" cellspacing=\"0\" cellpadding=\"4\" style=\"margin-bottom:20px;\">\r\n              <tbody><tr>\r\n                <td align=\"left\" valign=\"top\" style=\"font-family:Verdana, Geneva, sans-serif; font-size:14px; color:#000000;\"><b>Visitanos</b></td>\r\n              </tr>\r\n              <tr>\r\n                <td align=\"left\" valign=\"top\" style=\"font-family:Verdana, Geneva, sans-serif; font-size:16px; color:#08298A;\"><a href=\"http://www.emobile.com.mx/mx/\" style=\"color:#08298A; text-decoration:underline;\">www.emobile.com.mx</a><br>\r\n\r\n            </td></tr></tbody></table>\r\n            <table width=\"100%\" border=\"0\" cellspacing=\"0\" cellpadding=\"4\" style=\"margin-bottom:20px;\">\r\n\r\n              <tbody><tr>\r\n                <td align=\"left\" valign=\"top\" style=\"font-family:Verdana, Geneva, sans-serif; font-size:12px; color:#000000;\">\r\n                  <div style=\"color:#2E2E2E; font-size:19px;\"><b>Con ExpoMobile disfruta de:</b><br>\r\n                  </div>\r\n                  <div style=\"color:#000000;\"> \r\n                    <ul type=\"disk\">\r\n                      <li> Información sobre tu horario.\r\n                      </li><li> Agenda de todos los eventos. \r\n                      </li><li> Registra tu visita a todas las exposiciones y talleres desde tu móvil.\r\n                      </li><li> Información sobre patrocinadores y ofertas\r\n                      </li><li> Y mucho más... \r\n                    </li></ul>\r\n                  </div> </td>\r\n              </tr>\r\n            </tbody></table>\r\n            <table width=\"100%\" border=\"0\" cellspacing=\"0\" cellpadding=\"4\" style=\"margin-bottom:20px;\">\r\n\r\n              <tbody><tr>\r\n              </tr>\r\n              <tr>\r\n                <td width=\"100%\" align=\"middle\" valign=\"middle\"><img src=\"http://expomobile.com.mx/assets/descarga.jpg\" width=\"150\" height=\"110\"></td>\r\n\r\n\r\n              </tr>\r\n              <tr>\r\n                <td width=\"100%\" align=\"middle\" valign=\"middle\"><img src=\"http://expomobile.com.mx/assets/logoexpo.png\" width=\"150\" height=\"105\"></td>\r\n\r\n\r\n              </tr>\r\n              <tr>\r\n                <td align=\"left\" valign=\"top\" style=\"font-family:Verdana, Geneva, sans-serif; font-size:14px; color:#000000;\"><b>Siguenos en</b></td>\r\n              </tr>\r\n              <tr>\r\n                <td align=\"left\" valign=\"top\" style=\"font-family:Verdana, Geneva, sans-serif; font-size:12px; color:#000000;\"><table width=\"100%\" border=\"0\" cellspacing=\"0\" cellpadding=\"0\">\r\n                    <tbody><tr>\r\n                      <td width=\"33%\" align=\"left\" valign=\"middle\"><a href=\"https://twitter.com/eMobile_MI\"><img src=\"http://expomobile.com.mx/assets/tweet48.png\" width=\"48\" height=\"48\"></a><a href=\"https://www.facebook.com/eMobileMobilizingIdeas\"><img src=\"http://expomobile.com.mx/assets/face48.png\" width=\"48\" height=\"48\"></a></td>\r\n\r\n                    </tr>\r\n\r\n                  </tbody></table></td>\r\n              </tr>\r\n            </tbody></table></td>\r\n          <td align=\"left\" valign=\"top\" style=\"background-color:#e4e4e4; padding:10px;\" bgcolor=\"#e4e4e4;\"><table width=\"100%\" border=\"0\" cellspacing=\"0\" cellpadding=\"0\">\r\n              <tbody><tr>\r\n                <td align=\"left\" valign=\"top\" style=\"font-family:Verdana, Geneva, sans-serif; color:#6e6e6e;\">\r\n                  <div style=\"font-size:35px; font-family:Freestyle Script, Geneva, sans-serif;\"><b>Movilidad para su evento... </b></div>\r\n                  <div style=\"font-size:15px;\"><b></b></div>\r\n                  <p></p>\r\n                  <div style=\"font-size:24px; \"><b>Bienvenido </b></div>\r\n                  <div style=\"font-size:14px;\"><br>\r\n                    <b>eMobile te dá la bienvenida, administra tu congreso Anadic desde tu celular</b></div>\r\n                  <div><br>\r\n                    <img src=\"http://expomobile.com.mx/assets/iphoneexpo.png\" width=\"349\" height=\"161\" style=\"display:block;\"></div>\r\n                  <div style=\"font-size:13px;\"><br>Si eres usuario de Android (versiones posteriores a 2.3) te sugerimos descargues y obtengas nuestra aplicación móvil del siguiente enlace, para que tu participación en el evento sea mas cómoda y dinámica.\r\n                    <br>\r\n                    <br>\r\n                    <br>\r\n                  </div>\r\n                  <div style=\"font-size:16px; color:#045FB4;\"><b>Importante: Si ya obtuviste la aplicación previamente es importante la actualices</b></div>\r\n                  <div style=\"font-size:11px;\"><br>\r\n                    <a href=\"https://play.google.com/store/apps/details?id=mx.com.emobile.expomobile\" style=\"color:#000; text-decoration:underline; font-size: 16px;\"><br>Click aqui para obtener ExpoMobile<br></a> <br>\r\n                    <br>\r\n                  </div>\r\n\r\n                  <p></p>\r\n                  <p></p>\r\n                  <p></p>\r\n                  <p></p>\r\n                  <p></p>\r\n                  <p></p>\r\n                  <p><img src=\"http://upload.wikimedia.org/wikipedia/commons/5/5d/Available_on_the_App_Store_(black).png\" height=\"64\"></p>\r\n                  <p><img src=\"http://androverge.com/wp-content/uploads/2013/08/play_store_logo.png\" height=\"64\"></p>\r\n\r\n                  <div style=\"font-size:16px; color:#886A08;\"><img></div>\r\n\r\n                </td>\r\n              </tr>\r\n            </tbody></table></td>\r\n        </tr>\r\n      </tbody></table>\r\n      <br>\r\n      <br></td>\r\n  </tr>\r\n</tbody></table>',2,'2013-12-21 19:38:18','2013-12-24 02:51:00'),(3,'general_template','<table width=\"100%\" border=\"0\" cellspacing=\"0\" cellpadding=\"0\">\r\n  <tbody><tr>\r\n    <td align=\"center\" valign=\"top\" bgcolor=\"#797979\" style=\"background-color:#797979;\"><br>\r\n      <br>\r\n      <table width=\"600\" border=\"0\" cellspacing=\"0\" cellpadding=\"0\">\r\n        <tbody><tr>\r\n          <td colspan=\"2\" align=\"left\" valign=\"top\" bgcolor=\"#2a2a2a\" style=\"background-color:#2a2a2a; padding:10px;\">\r\n\r\n            <p style=\"font-family:Arial, \'Arial Narrow\', Times, serif; color:#F2F2F2; font-size:30px; font-weight: bold;\">ExpoMobile</p>\r\n            <p style=\"font-family:Arial, \'Arial Narrow\', Times, serif; color:#F2F2F2; font-size:18px;\"><span style=\"font-weight: bold;\">Informe General</span></p><p style=\"font-family:Arial, \'Arial Narrow\', Times, serif; color:#F2F2F2; font-size:18px;\">Hola &lt;%= @attendee.a_name %&gt;</p>\r\n          </td>\r\n\r\n        </tr>\r\n        <tr>\r\n          <td width=\"201\" align=\"center\" valign=\"top\" style=\"padding:12px; background-color:#ffffff;\" bgcolor=\"#ffffff;\"><table width=\"100%\" border=\"0\" cellspacing=\"0\" cellpadding=\"4\" style=\"margin-bottom:20px;\">\r\n              <tbody><tr>\r\n                <td align=\"left\" valign=\"top\" style=\"font-family:Verdana, Geneva, sans-serif; font-size:14px; color:#000000;\"><b>Visitanos</b></td>\r\n              </tr>\r\n              <tr>\r\n                <td align=\"left\" valign=\"top\" style=\"font-family:Verdana, Geneva, sans-serif; font-size:16px; color:#08298A;\"><a href=\"http://www.emobile.com.mx/mx/\" style=\"color:#08298A; text-decoration:underline;\">www.emobile.com.mx</a><br>\r\n\r\n            </td></tr></tbody></table>\r\n            <table width=\"100%\" border=\"0\" cellspacing=\"0\" cellpadding=\"4\" style=\"margin-bottom:20px;\">\r\n\r\n              <tbody><tr>\r\n                <td align=\"left\" valign=\"top\" style=\"font-family:Verdana, Geneva, sans-serif; font-size:12px; color:#000000;\">\r\n                  <div style=\"color:#2E2E2E; font-size:19px;\"><b>Con ExpoMobile disfruta de:</b><br>\r\n                  </div>\r\n                  <div style=\"color:#000000;\"> \r\n                    <ul type=\"disk\">\r\n                      <li> Información sobre tu horario.\r\n                      </li><li> Agenda de todos los eventos. \r\n                      </li><li> Registra tu visita a todas las exposiciones y talleres desde tu móvil.\r\n                      </li><li> Información sobre patrocinadores y ofertas\r\n                      </li><li> Y mucho más... \r\n                    </li></ul>\r\n                  </div> </td>\r\n              </tr>\r\n            </tbody></table>\r\n            <table width=\"100%\" border=\"0\" cellspacing=\"0\" cellpadding=\"4\" style=\"margin-bottom:20px;\">\r\n\r\n              <tbody><tr>\r\n              </tr>\r\n              <tr>\r\n                <td width=\"100%\" align=\"middle\" valign=\"middle\"><img src=\"http://expomobile.com.mx/assets/descarga.jpg\" width=\"150\" height=\"110\"></td>\r\n\r\n\r\n              </tr>\r\n              <tr>\r\n                <td width=\"100%\" align=\"middle\" valign=\"middle\"><img src=\"http://expomobile.com.mx/assets/logoexpo.png\" width=\"150\" height=\"105\"></td>\r\n\r\n\r\n              </tr>\r\n              <tr>\r\n                <td align=\"left\" valign=\"top\" style=\"font-family:Verdana, Geneva, sans-serif; font-size:14px; color:#000000;\"><b>Siguenos en</b></td>\r\n              </tr>\r\n              <tr>\r\n                <td align=\"left\" valign=\"top\" style=\"font-family:Verdana, Geneva, sans-serif; font-size:12px; color:#000000;\"><table width=\"100%\" border=\"0\" cellspacing=\"0\" cellpadding=\"0\">\r\n                    <tbody><tr>\r\n                      <td width=\"33%\" align=\"left\" valign=\"middle\"><a href=\"https://twitter.com/eMobile_MI\"><img src=\"http://expomobile.com.mx/assets/tweet48.png\" width=\"48\" height=\"48\"></a><a href=\"https://www.facebook.com/eMobileMobilizingIdeas\"><img src=\"http://expomobile.com.mx/assets/face48.png\" width=\"48\" height=\"48\"></a></td>\r\n\r\n                    </tr>\r\n\r\n                  </tbody></table></td>\r\n              </tr>\r\n            </tbody></table></td>\r\n          <td align=\"left\" valign=\"top\" style=\"background-color:#e4e4e4; padding:10px;\" bgcolor=\"#e4e4e4;\"><table width=\"100%\" border=\"0\" cellspacing=\"0\" cellpadding=\"0\">\r\n              <tbody><tr>\r\n                <td align=\"left\" valign=\"top\" style=\"font-family:Verdana, Geneva, sans-serif; color:#6e6e6e;\">\r\n                  <div style=\"font-size:35px; font-family:Freestyle Script, Geneva, sans-serif;\"><b>Movilidad para su evento... </b></div>\r\n                  <div style=\"font-size:15px;\"><b></b></div>\r\n                  <p></p>\r\n                  <div style=\"font-size:24px; \"><b>Bienvenido </b></div>\r\n                  <div style=\"font-size:14px;\"><br>\r\n                    <b>eMobile te dá la bienvenida, administra tu congreso Anadic desde tu celular</b></div>\r\n                  <div><br>\r\n                    <img src=\"http://expomobile.com.mx/assets/iphoneexpo.png\" width=\"349\" height=\"161\" style=\"display:block;\"></div>\r\n                  <div style=\"font-size:13px;\"><br>Si eres usuario de Android (versiones posteriores a 2.3) te sugerimos descargues y obtengas nuestra aplicación móvil del siguiente enlace, para que tu participación en el evento sea mas cómoda y dinámica.\r\n                    <br>\r\n                    <br>\r\n                    <br>\r\n                  </div>\r\n                  <div style=\"font-size:16px; color:#045FB4;\"><b>Importante: Si ya obtuviste la aplicación previamente es importante la actualices</b></div>\r\n                  <div style=\"font-size:11px;\"><br>\r\n                    <a href=\"https://play.google.com/store/apps/details?id=mx.com.emobile.expomobile\" style=\"color:#000; text-decoration:underline; font-size: 16px;\"><br>Click aqui para obtener ExpoMobile<br></a> <br>\r\n                    <br>\r\n                  </div>\r\n\r\n                  <p></p>\r\n                  <p></p>\r\n                  <p></p>\r\n                  <p></p>\r\n                  <p></p>\r\n                  <p></p>\r\n                  <p></p>\r\n                  <p></p>\r\n\r\n                  <div style=\"font-size:16px; color:#886A08;\"><b>Próximamente versión iOS...</b></div>\r\n\r\n                </td>\r\n              </tr>\r\n            </tbody></table></td>\r\n        </tr>\r\n      </tbody></table>\r\n      <br>\r\n      <br></td>\r\n  </tr>\r\n</tbody></table>',2,'2013-12-21 19:38:18','2013-12-21 21:02:07'),(4,'welcome_template','<table width=\"100%\" border=\"0\" cellspacing=\"0\" cellpadding=\"0\">\r\n  <tbody><tr>\r\n    <td align=\"center\" valign=\"top\" bgcolor=\"#797979\" style=\"background-color:#797979;\"><br>\r\n      <br>\r\n      <table width=\"600\" border=\"0\" cellspacing=\"0\" cellpadding=\"0\">\r\n        <tbody><tr>\r\n          <td colspan=\"2\" align=\"left\" valign=\"top\" bgcolor=\"#2a2a2a\" style=\"background-color:#2a2a2a; padding:10px;\">\r\n\r\n            <p style=\"font-family:Arial, \'Arial Narrow\', Times, serif; color:#F2F2F2; font-size:30px; font-weight: bold;\">ExpoMobile</p>\r\n            <p style=\"font-family:Arial, \'Arial Narrow\', Times, serif; color:#F2F2F2; font-size:18px;\"><b>Bienvenido&nbsp;</b>&lt;%= @attendee.a_name %&gt;</p>\r\n            <p style=\"font-family:Arial, \'Arial Narrow\', Times, serif; color:#F2F2F2; font-size:18px; font-style: italic;\">Tu ID de registro es: &lt;%= @attendee.attendee_id %&gt;</p>\r\n          </td>\r\n\r\n        </tr>\r\n        <tr>\r\n          <td width=\"201\" align=\"center\" valign=\"top\" style=\"padding:12px; background-color:#ffffff;\" bgcolor=\"#ffffff;\"><table width=\"100%\" border=\"0\" cellspacing=\"0\" cellpadding=\"4\" style=\"margin-bottom:20px;\">\r\n              <tbody><tr>\r\n                <td align=\"left\" valign=\"top\" style=\"font-family:Verdana, Geneva, sans-serif; font-size:14px; color:#000000;\"><b>Visitanos</b></td>\r\n              </tr>\r\n              <tr>\r\n                <td align=\"left\" valign=\"top\" style=\"font-family:Verdana, Geneva, sans-serif; font-size:16px; color:#08298A;\"><a href=\"http://www.emobile.com.mx/mx/\" style=\"color:#08298A; text-decoration:underline;\">www.emobile.com.mx</a><br>\r\n\r\n            </td></tr></tbody></table>\r\n            <table width=\"100%\" border=\"0\" cellspacing=\"0\" cellpadding=\"4\" style=\"margin-bottom:20px;\">\r\n\r\n              <tbody><tr>\r\n                <td align=\"left\" valign=\"top\" style=\"font-family:Verdana, Geneva, sans-serif; font-size:12px; color:#000000;\">\r\n                  <div style=\"color:#2E2E2E; font-size:19px;\"><b>Con ExpoMobile disfruta de:</b><br>\r\n                  </div>\r\n                  <div style=\"color:#000000;\"> \r\n                    <ul type=\"disk\">\r\n                      <li> Información sobre tu horario.\r\n                      </li><li> Agenda de todos los eventos. \r\n                      </li><li> Registra tu visita a todas las exposiciones y talleres desde tu móvil.\r\n                      </li><li> Información sobre patrocinadores y ofertas\r\n                      </li><li> Y mucho más... \r\n                    </li></ul>\r\n                  </div> </td>\r\n              </tr>\r\n            </tbody></table>\r\n            <table width=\"100%\" border=\"0\" cellspacing=\"0\" cellpadding=\"4\" style=\"margin-bottom:20px;\">\r\n\r\n              <tbody><tr>\r\n              </tr>\r\n              <tr>\r\n                <td width=\"100%\" align=\"middle\" valign=\"middle\"><img src=\"http://expomobile.com.mx/assets/descarga.jpg\" width=\"150\" height=\"110\"></td>\r\n\r\n\r\n              </tr>\r\n              <tr>\r\n                <td width=\"100%\" align=\"middle\" valign=\"middle\"><img src=\"http://expomobile.com.mx/assets/logoexpo.png\" width=\"150\" height=\"105\"></td>\r\n\r\n\r\n              </tr>\r\n              <tr>\r\n                <td align=\"left\" valign=\"top\" style=\"font-family:Verdana, Geneva, sans-serif; font-size:14px; color:#000000;\"><b>Siguenos en</b></td>\r\n              </tr>\r\n              <tr>\r\n                <td align=\"left\" valign=\"top\" style=\"font-family:Verdana, Geneva, sans-serif; font-size:12px; color:#000000;\"><table width=\"100%\" border=\"0\" cellspacing=\"0\" cellpadding=\"0\">\r\n                    <tbody><tr>\r\n                      <td width=\"33%\" align=\"left\" valign=\"middle\"><a href=\"https://twitter.com/eMobile_MI\"><img src=\"http://expomobile.com.mx/assets/tweet48.png\" width=\"48\" height=\"48\"></a><a href=\"https://www.facebook.com/eMobileMobilizingIdeas\"><img src=\"http://expomobile.com.mx/assets/face48.png\" width=\"48\" height=\"48\"></a></td>\r\n\r\n                    </tr>\r\n\r\n                  </tbody></table></td>\r\n              </tr>\r\n            </tbody></table></td>\r\n          <td align=\"left\" valign=\"top\" style=\"background-color:#e4e4e4; padding:10px;\" bgcolor=\"#e4e4e4;\"><table width=\"100%\" border=\"0\" cellspacing=\"0\" cellpadding=\"0\">\r\n              <tbody><tr>\r\n                <td align=\"left\" valign=\"top\" style=\"font-family:Verdana, Geneva, sans-serif; color:#6e6e6e;\">\r\n                  <div style=\"font-size:35px; font-family:Freestyle Script, Geneva, sans-serif;\"><b>Movilidad para su evento... </b></div>\r\n                  <div style=\"font-size:15px;\"><b></b></div>\r\n                  <p></p>\r\n                  <div style=\"font-size:24px; \"><b>Bienvenido </b></div>\r\n                  <div style=\"font-size:14px;\"><br>\r\n                    <b>eMobile te dá la bienvenida, administra tu congreso Anadic desde tu celular</b></div>\r\n                  <div><br>\r\n                    <img src=\"http://expomobile.com.mx/assets/iphoneexpo.png\" width=\"349\" height=\"161\" style=\"display:block;\"></div>\r\n                  <div style=\"font-size:13px;\"><br>Si eres usuario de Android (versiones posteriores a 2.3) te sugerimos descargues y obtengas nuestra aplicación móvil del siguiente enlace, para que tu participación en el evento sea mas cómoda y dinámica.\r\n                    <br>\r\n                    <br>\r\n                    <br>\r\n                  </div>\r\n                  <div style=\"font-size:16px; color:#045FB4;\"><b>Importante: Si ya obtuviste la aplicación previamente es importante la actualices</b></div>\r\n                  <div style=\"font-size:11px;\"><br>\r\n                    <a href=\"https://play.google.com/store/apps/details?id=mx.com.emobile.expomobile\" style=\"color:#000; text-decoration:underline; font-size: 16px;\"><br>Click aqui para obtener ExpoMobile<br></a> <br>\r\n                    <br>\r\n                  </div>\r\n\r\n                  <p></p>\r\n                  <p></p>\r\n                  <p></p>\r\n                  <p></p>\r\n                  <p></p>\r\n                  <p></p>\r\n                  <p></p>\r\n                  <p></p>\r\n\r\n                  <div style=\"font-size:16px; color:#886A08;\"><b>Próximamente versión iOS...</b></div>\r\n\r\n                </td>\r\n              </tr>\r\n            </tbody></table></td>\r\n        </tr>\r\n      </tbody></table>\r\n      <br>\r\n      <br></td>\r\n  </tr>\r\n</tbody></table>',2,'2013-12-21 19:38:18','2013-12-24 02:42:04'),(5,'acknowledgment_template','Empty',3,'2013-12-21 19:38:18','2013-12-24 02:42:04'),(6,'invitation_template','Empty',3,'2013-12-21 19:38:19','2013-12-24 02:42:05'),(7,'general_template','Empty',3,'2013-12-21 19:38:20','2013-12-24 02:42:06'),(8,'welcome_template','Empty',3,'2013-12-21 19:38:21','2013-12-24 02:42:07');
/*!40000 ALTER TABLE `mail_templates` ENABLE KEYS */;
UNLOCK TABLES;

--
-- Table structure for table `massive_loads`
--

DROP TABLE IF EXISTS `massive_loads`;
/*!40101 SET @saved_cs_client     = @@character_set_client */;
/*!40101 SET character_set_client = utf8 */;
CREATE TABLE `massive_loads` (
  `id` int(11) NOT NULL AUTO_INCREMENT,
  `event_id` int(11) NOT NULL,
  `created_at` datetime NOT NULL,
  `updated_at` datetime NOT NULL,
  `excel_file_file_name` varchar(255) DEFAULT NULL,
  `excel_file_content_type` varchar(255) DEFAULT NULL,
  `excel_file_file_size` int(11) DEFAULT NULL,
  `excel_file_updated_at` datetime DEFAULT NULL,
  PRIMARY KEY (`id`),
  KEY `massive_loads_event_id_fk` (`event_id`),
  CONSTRAINT `massive_loads_event_id_fk` FOREIGN KEY (`event_id`) REFERENCES `events` (`id`)
) ENGINE=InnoDB AUTO_INCREMENT=13 DEFAULT CHARSET=latin1;
/*!40101 SET character_set_client = @saved_cs_client */;

--
-- Dumping data for table `massive_loads`
--

LOCK TABLES `massive_loads` WRITE;
/*!40000 ALTER TABLE `massive_loads` DISABLE KEYS */;
INSERT INTO `massive_loads` VALUES (12,3,'2014-02-17 22:07:57','2014-02-17 22:07:57','REGISTRADOS_AL_17FEB_juan.xlsx','application/vnd.openxmlformats-officedocument.spreadsheetml.sheet',30513,'2014-02-17 22:07:57');
/*!40000 ALTER TABLE `massive_loads` ENABLE KEYS */;
UNLOCK TABLES;

--
-- Table structure for table `nips`
--

DROP TABLE IF EXISTS `nips`;
/*!40101 SET @saved_cs_client     = @@character_set_client */;
/*!40101 SET character_set_client = utf8 */;
CREATE TABLE `nips` (
  `id` int(11) NOT NULL AUTO_INCREMENT,
  `nip` varchar(255) NOT NULL,
  `sent` datetime DEFAULT NULL,
  `attendee_id` int(11) NOT NULL,
  `times_sent` int(11) DEFAULT NULL,
  `event_id` int(11) NOT NULL,
  `created_at` datetime NOT NULL,
  `updated_at` datetime NOT NULL,
  PRIMARY KEY (`id`),
  KEY `nips_attendee_id_fk` (`attendee_id`),
  KEY `nips_event_id_fk` (`event_id`),
  CONSTRAINT `nips_event_id_fk` FOREIGN KEY (`event_id`) REFERENCES `events` (`id`),
  CONSTRAINT `nips_attendee_id_fk` FOREIGN KEY (`attendee_id`) REFERENCES `attendees` (`id`)
) ENGINE=InnoDB AUTO_INCREMENT=8 DEFAULT CHARSET=latin1;
/*!40101 SET character_set_client = @saved_cs_client */;

--
-- Dumping data for table `nips`
--

LOCK TABLES `nips` WRITE;
/*!40000 ALTER TABLE `nips` DISABLE KEYS */;
INSERT INTO `nips` VALUES (1,'gs7c','2014-02-12 19:34:03',1,6,2,'2014-01-30 00:57:34','2014-02-12 19:34:03'),(2,'y7j9','2014-01-30 01:03:56',2,1,1,'2014-01-30 01:03:56','2014-01-30 01:03:56'),(3,'q3ny','2014-02-11 23:14:54',4,10,2,'2014-01-30 01:05:27','2014-02-11 23:14:54'),(6,'i8f8','2014-02-07 21:06:54',3,1,2,'2014-02-07 21:06:54','2014-02-07 21:06:54');
/*!40000 ALTER TABLE `nips` ENABLE KEYS */;
UNLOCK TABLES;

--
-- Table structure for table `offerts`
--

DROP TABLE IF EXISTS `offerts`;
/*!40101 SET @saved_cs_client     = @@character_set_client */;
/*!40101 SET character_set_client = utf8 */;
CREATE TABLE `offerts` (
  `id` int(11) NOT NULL AUTO_INCREMENT,
  `exhibitor_id` int(11) NOT NULL,
  `description` varchar(255) NOT NULL,
  `price` decimal(8,2) NOT NULL,
  `start_date` datetime NOT NULL,
  `end_date` datetime NOT NULL,
  `location` varchar(255) NOT NULL,
  `event_id` int(11) NOT NULL,
  `created_at` datetime NOT NULL,
  `updated_at` datetime NOT NULL,
  PRIMARY KEY (`id`),
  KEY `offerts_exhibitor_id_fk` (`exhibitor_id`),
  KEY `offerts_event_id_fk` (`event_id`),
  CONSTRAINT `offerts_event_id_fk` FOREIGN KEY (`event_id`) REFERENCES `events` (`id`),
  CONSTRAINT `offerts_exhibitor_id_fk` FOREIGN KEY (`exhibitor_id`) REFERENCES `exhibitors` (`id`) ON DELETE CASCADE
) ENGINE=InnoDB AUTO_INCREMENT=5 DEFAULT CHARSET=latin1;
/*!40101 SET character_set_client = @saved_cs_client */;

--
-- Dumping data for table `offerts`
--

LOCK TABLES `offerts` WRITE;
/*!40000 ALTER TABLE `offerts` DISABLE KEYS */;
INSERT INTO `offerts` VALUES (1,26,'Memorias USB 16 GB en $150',150.00,'2014-01-30 15:00:00','2014-01-30 16:00:00','Stand uno',2,'2014-01-30 22:53:27','2014-01-30 22:53:27'),(2,27,'20% de Descuento en Asesorías personalizadas para tu negocio',4999.00,'2014-02-04 09:00:00','2014-02-04 19:00:00','Stand 044',3,'2014-02-04 19:06:55','2014-02-04 19:06:55'),(3,31,'Abre una cuenta con nosotros hoy y entra a una rifa de premios de hasta 150,000',200.00,'2014-02-04 09:00:00','2014-02-04 14:00:00','Stand 015',3,'2014-02-04 19:08:58','2014-02-04 19:08:58'),(4,33,'10% en cualquiera de nuestros servicios, pregunta con uno de nuestros asesores.',8100.00,'2014-02-04 09:00:00','2014-02-04 19:00:00','Stand 003',3,'2014-02-04 19:10:52','2014-02-04 22:54:23');
/*!40000 ALTER TABLE `offerts` ENABLE KEYS */;
UNLOCK TABLES;

--
-- Table structure for table `rate_conferences`
--

DROP TABLE IF EXISTS `rate_conferences`;
/*!40101 SET @saved_cs_client     = @@character_set_client */;
/*!40101 SET character_set_client = utf8 */;
CREATE TABLE `rate_conferences` (
  `id` int(11) NOT NULL AUTO_INCREMENT,
  `conference_id` int(11) DEFAULT NULL,
  `attendee_id` int(11) DEFAULT NULL,
  `event_id` int(11) DEFAULT NULL,
  `value` int(11) DEFAULT NULL,
  `created_at` datetime NOT NULL,
  `updated_at` datetime NOT NULL,
  PRIMARY KEY (`id`),
  KEY `index_rate_conferences_on_conference_id` (`conference_id`),
  KEY `index_rate_conferences_on_attendee_id` (`attendee_id`),
  KEY `index_rate_conferences_on_event_id` (`event_id`)
) ENGINE=InnoDB AUTO_INCREMENT=12 DEFAULT CHARSET=latin1;
/*!40101 SET character_set_client = @saved_cs_client */;

--
-- Dumping data for table `rate_conferences`
--

LOCK TABLES `rate_conferences` WRITE;
/*!40000 ALTER TABLE `rate_conferences` DISABLE KEYS */;
INSERT INTO `rate_conferences` VALUES (1,4,1,2,1,'2014-01-29 18:18:33','2014-01-29 18:18:33'),(2,5,1,2,2,'2014-01-29 18:18:42','2014-01-29 18:18:42'),(3,6,1,2,4,'2014-01-29 18:18:47','2014-01-29 18:18:47'),(4,6,4,2,3,'2014-01-30 17:27:09','2014-01-30 17:27:09'),(5,4,4,2,2,'2014-01-30 17:49:08','2014-01-30 17:49:08'),(6,5,4,2,3,'2014-01-31 01:09:11','2014-01-31 01:09:11'),(7,7,5,3,3,'2014-02-04 22:36:39','2014-02-04 22:36:39'),(8,9,5,3,3,'2014-02-05 00:56:21','2014-02-05 00:56:21'),(9,11,5,3,2,'2014-02-07 21:14:21','2014-02-07 21:14:21'),(10,10,6,3,3,'2014-02-13 19:29:21','2014-02-13 19:29:21'),(11,8,5,3,4,'2014-02-15 00:48:42','2014-02-15 00:48:42');
/*!40000 ALTER TABLE `rate_conferences` ENABLE KEYS */;
UNLOCK TABLES;

--
-- Table structure for table `rate_workshops`
--

DROP TABLE IF EXISTS `rate_workshops`;
/*!40101 SET @saved_cs_client     = @@character_set_client */;
/*!40101 SET character_set_client = utf8 */;
CREATE TABLE `rate_workshops` (
  `id` int(11) NOT NULL AUTO_INCREMENT,
  `workshop_id` int(11) DEFAULT NULL,
  `attendee_id` int(11) DEFAULT NULL,
  `event_id` int(11) DEFAULT NULL,
  `value` int(11) DEFAULT NULL,
  `created_at` datetime NOT NULL,
  `updated_at` datetime NOT NULL,
  PRIMARY KEY (`id`),
  KEY `index_rate_workshops_on_workshop_id` (`workshop_id`),
  KEY `index_rate_workshops_on_attendee_id` (`attendee_id`),
  KEY `index_rate_workshops_on_event_id` (`event_id`)
) ENGINE=InnoDB AUTO_INCREMENT=9 DEFAULT CHARSET=latin1;
/*!40101 SET character_set_client = @saved_cs_client */;

--
-- Dumping data for table `rate_workshops`
--

LOCK TABLES `rate_workshops` WRITE;
/*!40000 ALTER TABLE `rate_workshops` DISABLE KEYS */;
INSERT INTO `rate_workshops` VALUES (1,7,1,2,3,'2014-01-29 00:05:14','2014-01-29 00:14:36'),(2,8,1,2,4,'2014-01-29 17:46:41','2014-01-29 17:46:41'),(3,9,1,2,1,'2014-01-29 17:47:08','2014-01-29 17:47:08'),(4,4,1,2,4,'2014-01-30 00:59:01','2014-01-30 00:59:01'),(5,4,2,1,4,'2014-01-30 00:59:48','2014-01-30 00:59:48'),(6,4,4,2,4,'2014-01-30 01:07:07','2014-01-30 01:07:07'),(7,7,4,2,3,'2014-01-30 18:53:47','2014-01-30 18:53:47'),(8,10,4,2,1,'2014-01-30 18:54:17','2014-01-30 18:54:17');
/*!40000 ALTER TABLE `rate_workshops` ENABLE KEYS */;
UNLOCK TABLES;

--
-- Table structure for table `ratings`
--

DROP TABLE IF EXISTS `ratings`;
/*!40101 SET @saved_cs_client     = @@character_set_client */;
/*!40101 SET character_set_client = utf8 */;
CREATE TABLE `ratings` (
  `id` int(11) NOT NULL AUTO_INCREMENT,
  `value` int(11) NOT NULL,
  `comment` text,
  `created_at` datetime NOT NULL,
  `updated_at` datetime NOT NULL,
  PRIMARY KEY (`id`)
) ENGINE=InnoDB AUTO_INCREMENT=4 DEFAULT CHARSET=latin1;
/*!40101 SET character_set_client = @saved_cs_client */;

--
-- Dumping data for table `ratings`
--

LOCK TABLES `ratings` WRITE;
/*!40000 ALTER TABLE `ratings` DISABLE KEYS */;
INSERT INTO `ratings` VALUES (1,3,'\"muy recomendada\"','2014-02-04 22:40:12','2014-02-04 22:40:12'),(2,2,'\"com\"','2014-02-08 00:29:57','2014-02-08 00:29:57'),(3,3,'\"Hola Raul :D\"','2014-02-12 23:01:19','2014-02-12 23:01:19');
/*!40000 ALTER TABLE `ratings` ENABLE KEYS */;
UNLOCK TABLES;

--
-- Table structure for table `roles`
--

DROP TABLE IF EXISTS `roles`;
/*!40101 SET @saved_cs_client     = @@character_set_client */;
/*!40101 SET character_set_client = utf8 */;
CREATE TABLE `roles` (
  `id` int(11) NOT NULL AUTO_INCREMENT,
  `name` varchar(255) NOT NULL,
  `is_admin` tinyint(1) NOT NULL DEFAULT '0',
  `is_super_admin` tinyint(1) NOT NULL DEFAULT '0',
  `created_at` datetime NOT NULL,
  `updated_at` datetime NOT NULL,
  PRIMARY KEY (`id`)
) ENGINE=InnoDB AUTO_INCREMENT=3 DEFAULT CHARSET=latin1;
/*!40101 SET character_set_client = @saved_cs_client */;

--
-- Dumping data for table `roles`
--

LOCK TABLES `roles` WRITE;
/*!40000 ALTER TABLE `roles` DISABLE KEYS */;
INSERT INTO `roles` VALUES (1,'Super administrator',0,1,'2013-11-14 01:28:40','2013-11-14 01:28:40'),(2,'Administrator',1,0,'2013-11-14 01:28:40','2013-11-14 01:28:40');
/*!40000 ALTER TABLE `roles` ENABLE KEYS */;
UNLOCK TABLES;

--
-- Table structure for table `rooms`
--

DROP TABLE IF EXISTS `rooms`;
/*!40101 SET @saved_cs_client     = @@character_set_client */;
/*!40101 SET character_set_client = utf8 */;
CREATE TABLE `rooms` (
  `id` int(11) NOT NULL AUTO_INCREMENT,
  `name` varchar(255) NOT NULL,
  `room_key` varchar(255) NOT NULL,
  `event_id` int(11) NOT NULL,
  `created_at` datetime NOT NULL,
  `updated_at` datetime NOT NULL,
  PRIMARY KEY (`id`),
  KEY `rooms_event_id_fk` (`event_id`),
  CONSTRAINT `rooms_event_id_fk` FOREIGN KEY (`event_id`) REFERENCES `events` (`id`)
) ENGINE=InnoDB AUTO_INCREMENT=15 DEFAULT CHARSET=latin1;
/*!40101 SET character_set_client = @saved_cs_client */;

--
-- Dumping data for table `rooms`
--

LOCK TABLES `rooms` WRITE;
/*!40000 ALTER TABLE `rooms` DISABLE KEYS */;
INSERT INTO `rooms` VALUES (1,'Saturn 1','S1',1,'2013-11-15 01:08:05','2013-11-15 01:08:05'),(2,'Saturn 2','S2',1,'2013-11-15 01:08:27','2013-11-15 01:08:27'),(3,'Saturn 3','S3',1,'2013-11-15 01:08:40','2013-11-15 01:08:40'),(4,'Júpiter 1','J1',1,'2013-11-15 01:09:09','2013-11-15 01:09:09'),(5,'Júpiter 2','J2',1,'2013-11-15 01:09:25','2013-11-15 01:09:25'),(6,'Júpiter 3','J3',1,'2013-11-15 01:09:39','2013-11-15 01:09:39'),(7,'Júpiter 4','J4',2,'2013-11-15 01:09:49','2013-11-15 01:09:55'),(8,'Júpiter 5','J5',2,'2013-11-15 01:10:09','2013-11-15 01:10:09'),(9,'Júpiter 6','J6',2,'2013-11-15 01:10:27','2013-11-15 01:10:27'),(10,'Mars 1','M1',2,'2013-11-15 01:10:45','2013-11-15 01:10:45'),(11,'Mars 2','M2',2,'2013-11-15 01:10:53','2013-11-15 01:10:53'),(12,'Mars 3','M3',2,'2013-11-15 01:11:05','2013-11-15 01:11:05'),(13,'Sala B','SB',3,'2014-02-12 17:46:03','2014-02-12 17:46:03'),(14,'Sala A','SA',3,'2014-02-12 17:49:49','2014-02-12 17:49:49');
/*!40000 ALTER TABLE `rooms` ENABLE KEYS */;
UNLOCK TABLES;

--
-- Table structure for table `schedules`
--

DROP TABLE IF EXISTS `schedules`;
/*!40101 SET @saved_cs_client     = @@character_set_client */;
/*!40101 SET character_set_client = utf8 */;
CREATE TABLE `schedules` (
  `id` int(11) NOT NULL AUTO_INCREMENT,
  `workshop_id` int(11) NOT NULL,
  `subgroup_id` int(11) NOT NULL,
  `hour_id` int(11) NOT NULL,
  `created_at` datetime NOT NULL,
  `updated_at` datetime NOT NULL,
  PRIMARY KEY (`id`),
  KEY `schedules_workshop_id_fk` (`workshop_id`),
  KEY `schedules_subgroup_id_fk` (`subgroup_id`),
  KEY `schedules_hour_id_fk` (`hour_id`),
  CONSTRAINT `schedules_hour_id_fk` FOREIGN KEY (`hour_id`) REFERENCES `hours` (`id`),
  CONSTRAINT `schedules_subgroup_id_fk` FOREIGN KEY (`subgroup_id`) REFERENCES `subgroups` (`id`),
  CONSTRAINT `schedules_workshop_id_fk` FOREIGN KEY (`workshop_id`) REFERENCES `workshops` (`id`)
) ENGINE=InnoDB AUTO_INCREMENT=5 DEFAULT CHARSET=latin1;
/*!40101 SET character_set_client = @saved_cs_client */;

--
-- Dumping data for table `schedules`
--

LOCK TABLES `schedules` WRITE;
/*!40000 ALTER TABLE `schedules` DISABLE KEYS */;
INSERT INTO `schedules` VALUES (1,10,3,2,'2014-01-30 18:53:22','2014-01-30 18:53:22'),(2,7,3,3,'2014-01-30 22:46:17','2014-01-30 22:46:17');
/*!40000 ALTER TABLE `schedules` ENABLE KEYS */;
UNLOCK TABLES;

--
-- Table structure for table `schema_migrations`
--

DROP TABLE IF EXISTS `schema_migrations`;
/*!40101 SET @saved_cs_client     = @@character_set_client */;
/*!40101 SET character_set_client = utf8 */;
CREATE TABLE `schema_migrations` (
  `version` varchar(255) NOT NULL,
  UNIQUE KEY `unique_schema_migrations` (`version`)
) ENGINE=InnoDB DEFAULT CHARSET=latin1;
/*!40101 SET character_set_client = @saved_cs_client */;

--
-- Dumping data for table `schema_migrations`
--

LOCK TABLES `schema_migrations` WRITE;
/*!40000 ALTER TABLE `schema_migrations` DISABLE KEYS */;
INSERT INTO `schema_migrations` VALUES ('20130710214098'),('20130710214099'),('20130710214100'),('20130710214101'),('20130710214102'),('20130710214455'),('20130903235632'),('20130903235645'),('20130904211206'),('20130909213248'),('20130909215936'),('20130909215937'),('20130909220207'),('20130909220208'),('20130909220209'),('20130909220210'),('20130909220211'),('20130924230025'),('20130925225349'),('20130925225350'),('20131005002651'),('20131005002652'),('20131008234441'),('20131008234442'),('20131009212301'),('20131010000216'),('20131010000407'),('20131015003752'),('20131101021328'),('20131112202018'),('20131112202019'),('20131220205522'),('20140128221357'),('20140128221410'),('20140128221411'),('20140128221412');
/*!40000 ALTER TABLE `schema_migrations` ENABLE KEYS */;
UNLOCK TABLES;

--
-- Table structure for table `sessions`
--

DROP TABLE IF EXISTS `sessions`;
/*!40101 SET @saved_cs_client     = @@character_set_client */;
/*!40101 SET character_set_client = utf8 */;
CREATE TABLE `sessions` (
  `id` int(11) NOT NULL AUTO_INCREMENT,
  `session_id` varchar(255) NOT NULL,
  `data` text,
  `created_at` datetime NOT NULL,
  `updated_at` datetime NOT NULL,
  PRIMARY KEY (`id`),
  KEY `index_sessions_on_session_id` (`session_id`),
  KEY `index_sessions_on_updated_at` (`updated_at`)
) ENGINE=InnoDB DEFAULT CHARSET=latin1;
/*!40101 SET character_set_client = @saved_cs_client */;

--
-- Dumping data for table `sessions`
--

LOCK TABLES `sessions` WRITE;
/*!40000 ALTER TABLE `sessions` DISABLE KEYS */;
/*!40000 ALTER TABLE `sessions` ENABLE KEYS */;
UNLOCK TABLES;

--
-- Table structure for table `sponsors`
--

DROP TABLE IF EXISTS `sponsors`;
/*!40101 SET @saved_cs_client     = @@character_set_client */;
/*!40101 SET character_set_client = utf8 */;
CREATE TABLE `sponsors` (
  `id` int(11) NOT NULL AUTO_INCREMENT,
  `name` varchar(255) NOT NULL,
  `contact` varchar(255) NOT NULL,
  `social_reason` varchar(255) NOT NULL,
  `phone` varchar(255) NOT NULL,
  `email` varchar(255) NOT NULL,
  `job` varchar(255) DEFAULT NULL,
  `work_street` varchar(255) DEFAULT NULL,
  `work_street_number` varchar(255) DEFAULT NULL,
  `work_colony` varchar(255) DEFAULT NULL,
  `work_zip` int(11) DEFAULT NULL,
  `web_page` varchar(255) DEFAULT NULL,
  `twitter` varchar(255) DEFAULT NULL,
  `event_id` int(11) NOT NULL,
  `created_at` datetime NOT NULL,
  `updated_at` datetime NOT NULL,
  `logo_file_name` varchar(255) DEFAULT NULL,
  `logo_content_type` varchar(255) DEFAULT NULL,
  `logo_file_size` int(11) DEFAULT NULL,
  `logo_updated_at` datetime DEFAULT NULL,
  PRIMARY KEY (`id`),
  KEY `sponsors_event_id_fk` (`event_id`),
  CONSTRAINT `sponsors_event_id_fk` FOREIGN KEY (`event_id`) REFERENCES `events` (`id`)
) ENGINE=InnoDB AUTO_INCREMENT=22 DEFAULT CHARSET=latin1;
/*!40101 SET character_set_client = @saved_cs_client */;

--
-- Dumping data for table `sponsors`
--

LOCK TABLES `sponsors` WRITE;
/*!40000 ALTER TABLE `sponsors` DISABLE KEYS */;
INSERT INTO `sponsors` VALUES (1,'CISCO','Oficina México, Distrito Federal','CISCO SYSTEMS DE MEXICO S.A. DE C.V','5267-1601','contacto@cisco.com','Ventas','Paseo de Tamarindos','400A, Piso 30','Bosques de las Lomas',5120,'http://www.cisco.com/web/MX/index.html','http://twitter.com/cisco_la',1,'2013-11-14 18:26:04','2013-11-15 19:32:32','cisco.jpg','image/jpeg',165324,'2013-11-15 19:32:31'),(2,'D-LINK','México, Distrito Federal','D-LINK MEXICANA, S.A. DE C.V.','(55) 5090 2700','serviciosmx@dlinkla.com','Soporte','Tuxpan','96','Roma Sur',6760,'http://www.dlinkla.com','',1,'2013-11-14 18:35:30','2013-11-15 20:13:16','logo_pagina.jpg','image/jpeg',19278,'2013-11-15 20:13:16'),(3,'MICROSOFT','Salvador Cors','MICROSOFT MEXICO, S.A. DE C.V.','+52 (55) 5267-2000','contacto@microsoft.com.mx','Soporte','Av. Vasco de Quiroga','1700 Piso 7','Centro de Ciudad Santa Fe',1210,'http://www.microsoft.com/es-mx/default.aspx','',1,'2013-11-14 18:48:08','2013-11-21 18:26:23','microsoft.jpg','image/jpeg',5619,'2013-11-15 20:10:07'),(4,'SYSCOM','Jorge Saad','SISTEMAS Y SERVICIOS DE COMUNICACION S.A. DE C.V. - SYSCOM','(614) 415-2525 ','ventas@syscom.com.mx','Ventas','Ave. 20 de Noviembre','805','Centro',31000,'http://www.syscom.mx/','https://twitter.com/syscomenlinea',1,'2013-11-14 18:54:31','2013-11-21 18:28:16','syscom.jpg','image/jpeg',5867,'2013-11-15 20:08:19'),(5,'TECHDATA','Alberto Monroy','TECHDATA DE MEXICO S. DE R.L. DE C.V.','53870176','alberto.monroy@techdata.com.mx','Director General','Siporex','2 Int.9-10','Fracc. Industrial Alce Blanco',53370,'http://www.techdata.com.mx/','',1,'2013-11-14 19:00:33','2013-11-15 20:05:47','Tech-Data-RGB.jpg','image/jpeg',31235,'2013-11-15 20:05:47'),(6,'TOSHIBA','Carlos Canales','TOSHIBA DE MEXICO S.A. DE C.V.','52496525 ó 01800 216 8699 ','ecommerce@toshiba.com.mx','Ventas','Sierra Candela','111','Miguel Hidalgo',11000,'http://www.toshiba.com.mx/','',2,'2013-11-14 19:07:04','2014-02-12 17:59:13','TOSHIBA-Won-t-Build-Enterprise-Hybrid-HDDs-2.jpg','image/jpeg',21539,'2014-02-12 17:59:13'),(7,'ASPEL','Gilberto Sánchez','ASPEL DE MEXICO S.A. DE C.V.','(55) 5325-2323','ventas@aspel.com.mx','Ventas','Cda. Suiza','17','San Jeronimo',104000,'http://www.aspel.com.mx/','https://twitter.com/Aspeldemexico',2,'2013-11-14 19:11:23','2014-02-12 17:59:01','aspel-sae.jpg','image/jpeg',5839,'2014-02-12 17:59:01'),(8,'B LINE','Omar Aburto','B LINE OMAR ABURTO','N/A','contacto@bline.com.mx','N/A','N/A','0','N/A',0,'N/A','',2,'2013-11-14 19:20:26','2014-02-12 17:58:46','b-line-L52744.gif','image/gif',3410,'2014-02-12 17:58:44'),(9,'INGRAM MICRO','Marisol Zamudio','INGRAM MICRO MEXICO S.A. DE C.V.','(01-55) 52-63-63-63','solucionesaclientes@ingrammicro.com.mx','Ventas','Laguna de Términos','249','Anáhuac',11320,'http://www.ingrammicro.com.mx/','https://twitter.com/IngrammicroMx',2,'2013-11-14 19:25:04','2014-02-12 17:57:47','Ingram-Micro-logo-300x300.jpg','image/jpeg',15304,'2014-02-12 17:57:46'),(10,'TRIPP-LITE','Juan Luis Tron','TRIPP-LITE DE MEXICO S. DE R. L.','+52(55)5001.5900','infomxventas@tripplite.com','N/A','Mariano Escobedo','510, Piso 2','Anzures',11590,'http://www.tripplite.com/es','http://twitter.com/TrippLiteLA',2,'2013-11-14 19:29:16','2014-02-12 17:57:20','tripplite_logo.jpg','image/jpeg',6628,'2014-02-12 17:57:19'),(11,'VORAGO','Jorge Melendez','VORAGO','01 800 7 VORAGO (01 800 7 867246)','atencion.clientes@voragolive.com','Expositor','Calle Cisne','No. 1307-A','Morelos',0,'http://voragolive.com/','https://twitter.com/voragolive',2,'2013-11-21 01:00:41','2014-02-12 17:56:42','vorago.png','image/png',30388,'2014-02-12 17:56:42'),(12,'Ingressio','Ramon Pereira','Ingressio','614 939 40 19','rpereira@ingressio.com','Expositor','Calle Hidalgo','535','Azcapotzalco',40391,'ingressio.com','@ingressio',3,'2014-02-04 20:20:46','2014-02-07 18:15:52','patro_ingressio.jpeg','image/jpeg',3704,'2014-02-07 18:15:52'),(13,'C I S C O','Cien Fuegos','C I S C O','614 951 03 13','contacto@cisco','Expositor','Ave Tecnologico','#5993','Zotitla',49391,'cisco.com.mx','ciscomx',3,'2014-02-04 20:27:11','2014-02-07 18:15:30','patro_cisco.jpg','image/jpeg',113980,'2014-02-07 18:15:30'),(14,'Comstor','Carlos Balderrama','Comstor','555 393 09 31','cbalderrama@comstor.com.mx','Expositor','Manzanillo ','#201','LindaVista Sur',94391,'Comstor','@comstor',3,'2014-02-04 20:29:51','2014-02-07 18:15:10','patro_comstor.png','image/png',18028,'2014-02-07 18:15:10'),(15,'Fireeye','Aldo Burciaga','Fireeye','555 033 19 30','aburciaga@fireeye.com.mx','Expositor','Ave Barcelona','#28','Cuauhtemoc',49931,'fireeye.com','@fireeye',3,'2014-02-04 20:32:19','2014-02-07 18:14:53','patro_fireeye.jpeg','image/jpeg',5620,'2014-02-07 18:14:52'),(16,'Fortinet','Luis Herrera','Fortinet','614 399 10 35','lherrera@fortinet.com','Expositor','Viena ','#241','Coyoacan',49300,'www.fortinet.com.mx','@fortinet',3,'2014-02-04 20:36:48','2014-02-07 18:14:22','patro_forniet.gif','image/gif',5310,'2014-02-07 18:14:21'),(17,'Fujitsu','Juan Hernandez','Fujitsu','614 530 39 10','jhernandez@fujistsu.com','Director Ejecutivo','Calle Elsa','#223','Centro',49391,'fujitsu.com.mx','@fujistu',3,'2014-02-04 20:45:19','2014-02-07 18:14:02','patro_fujistu.gif','image/gif',2737,'2014-02-07 18:14:01'),(18,'Huawei','Reyna Orozco','Huawei','555 809 29 11','rorozco@huawei.com.mx','Director Ejecutivo','Mier y Pesado','#2001','Col. Benito Juarez',49120,'www.huawei.com.mx','@huaweimx',3,'2014-02-04 20:49:07','2014-02-07 18:13:41','patro_huawei.jpeg','image/jpeg',7948,'2014-02-07 18:13:41'),(19,'Hubox','Alejandro Ballesteros','Hubox','555 022 82 11','aballesteros@hubox.com','Director Ejecutivo','Torres Elid','#491','Venustiano Carranza',49120,'www.hubox.com.mx','@hubox',3,'2014-02-04 20:51:36','2014-02-07 18:13:23','patro_hubox.png','image/png',5863,'2014-02-07 18:13:23'),(20,'Wacom','Isidro Mendoza','Wacom','555 013 93 11','imendoza@wacom.com','Director Ejecutivo','Leibinitz ','#439','Miguel Hidalgo',49911,'www.wacom.com.mx','@wacom',3,'2014-02-04 20:53:17','2014-02-07 18:15:03','patro_wacom.jpg','image/jpeg',84663,'2014-02-07 18:15:02'),(21,'WatchGuard','Efrain Nuñez','WatchGuard','539 90 11 94','enunez@watchguard.com','Director Ejecutivo','Calle Naranjo','#4914','Col. Cuauhtemoc',94930,'www.watchguard.com','@watchguard',3,'2014-02-04 20:56:49','2014-02-07 18:10:32','patro_watchguard.jpg','image/jpeg',11967,'2014-02-07 18:10:31');
/*!40000 ALTER TABLE `sponsors` ENABLE KEYS */;
UNLOCK TABLES;

--
-- Table structure for table `subgroups`
--

DROP TABLE IF EXISTS `subgroups`;
/*!40101 SET @saved_cs_client     = @@character_set_client */;
/*!40101 SET character_set_client = utf8 */;
CREATE TABLE `subgroups` (
  `id` int(11) NOT NULL AUTO_INCREMENT,
  `name` varchar(255) NOT NULL,
  `leader` varchar(255) NOT NULL,
  `subgroup_key` varchar(255) NOT NULL,
  `group_id` int(11) NOT NULL,
  `event_id` int(11) NOT NULL,
  `created_at` datetime NOT NULL,
  `updated_at` datetime NOT NULL,
  PRIMARY KEY (`id`),
  KEY `subgroups_group_id_fk` (`group_id`),
  KEY `subgroups_event_id_fk` (`event_id`),
  CONSTRAINT `subgroups_event_id_fk` FOREIGN KEY (`event_id`) REFERENCES `events` (`id`),
  CONSTRAINT `subgroups_group_id_fk` FOREIGN KEY (`group_id`) REFERENCES `groups` (`id`)
) ENGINE=InnoDB AUTO_INCREMENT=29 DEFAULT CHARSET=latin1;
/*!40101 SET character_set_client = @saved_cs_client */;

--
-- Dumping data for table `subgroups`
--

LOCK TABLES `subgroups` WRITE;
/*!40000 ALTER TABLE `subgroups` DISABLE KEYS */;
INSERT INTO `subgroups` VALUES (1,'Francisco Villa','Sonia Rodríguez','FV',1,1,'2013-11-14 01:28:41','2013-11-14 01:28:41'),(2,'Emiliano Zapata','Armando Rodarte','EZ',1,1,'2013-11-14 01:28:41','2013-11-14 01:28:41'),(3,'Álvaro Obregón','Adriana Flores','AO',2,2,'2013-11-14 01:28:41','2013-11-14 01:28:41'),(4,'Venustiano Carranza','Harim García','VC',1,1,'2013-11-14 01:28:41','2013-11-14 01:28:41'),(5,'Francisco I Madero','Erik García','FI',1,1,'2013-11-14 01:28:41','2013-11-14 01:28:41'),(6,'Porfirio Díaz','Ricardo Orellana','PD',1,1,'2013-11-14 01:28:41','2013-11-14 01:28:41'),(7,'Eulalio Gutierrez','Gabriel Chávez','EG',1,1,'2013-11-14 01:28:41','2013-11-14 01:28:41'),(8,'Pascual Orozco','Jaime Juárez','PO',1,1,'2013-11-14 01:28:41','2013-11-14 01:28:41'),(9,'Victoriano Huerta','Juan M. Suárez','VH',1,1,'2013-11-14 01:28:41','2013-11-14 01:28:41'),(10,'Manuel Mondragón','Joaquín Reyes','MM',1,1,'2013-11-14 01:28:41','2013-11-14 01:28:41'),(11,'José Vasconcelos','Sonia Rodríguez','JV',1,1,'2013-11-14 01:28:41','2013-11-14 01:28:41'),(12,'Ricardo Flores Magón','Armando Rodarte','RF',1,1,'2013-11-14 01:28:41','2013-11-14 01:28:41'),(13,'Aquiles Serdán','Adriana Flores','AS',2,2,'2013-11-14 01:28:41','2013-11-14 01:28:41'),(14,'José Ma Pino Suárez','Harim García','JP',2,2,'2013-11-14 01:28:41','2013-11-14 01:28:41'),(15,'Belisario Dominguez','Erik García','BD',2,2,'2013-11-14 01:28:41','2013-11-14 01:28:41'),(16,'León De La Barra','Ricardo Orellana','LB',2,2,'2013-11-14 01:28:41','2013-11-14 01:28:41'),(17,'José Limantour','Gabriel Chávez','JL',2,2,'2013-11-14 01:28:41','2013-11-14 01:28:41'),(18,'Ramón Corral','Jaime Juárez','RC',2,2,'2013-11-14 01:28:41','2013-11-14 01:28:41'),(19,'Bernardo Reyes','Juan M. Suárez','BR',2,2,'2013-11-14 01:28:41','2013-11-14 01:28:41'),(20,'Filomeno Mata','Joaquín Reyes','FM',2,2,'2013-11-14 01:28:41','2013-11-14 01:28:41'),(21,'Andrés Molina','Manuel Sánchez','AM',2,2,'2013-11-14 01:28:41','2013-11-14 01:28:41'),(22,'Heriberto Jara','Manuel Sánchez','HJ',2,2,'2013-11-14 01:28:41','2013-11-21 19:33:05'),(23,'Otilio Montaño','Arturo Ramírez','OM',2,2,'2013-11-14 01:28:41','2013-11-21 19:32:47'),(24,'Luis Cabrera','Arturo Ramírez','LC',2,2,'2013-11-14 01:28:41','2013-11-14 01:28:41'),(25,'Main subgroup','Leader','S1',4,2,'2014-02-04 17:57:43','2014-02-04 17:57:43'),(28,'Subgrupo','N/A','S1',7,3,'2014-02-17 17:56:09','2014-02-17 17:56:09');
/*!40000 ALTER TABLE `subgroups` ENABLE KEYS */;
UNLOCK TABLES;

--
-- Table structure for table `system_configurations`
--

DROP TABLE IF EXISTS `system_configurations`;
/*!40101 SET @saved_cs_client     = @@character_set_client */;
/*!40101 SET character_set_client = utf8 */;
CREATE TABLE `system_configurations` (
  `id` int(11) NOT NULL AUTO_INCREMENT,
  `token` varchar(255) NOT NULL,
  `language` varchar(255) NOT NULL,
  `created_at` datetime NOT NULL,
  `updated_at` datetime NOT NULL,
  PRIMARY KEY (`id`)
) ENGINE=InnoDB AUTO_INCREMENT=2 DEFAULT CHARSET=latin1;
/*!40101 SET character_set_client = @saved_cs_client */;

--
-- Dumping data for table `system_configurations`
--

LOCK TABLES `system_configurations` WRITE;
/*!40000 ALTER TABLE `system_configurations` DISABLE KEYS */;
INSERT INTO `system_configurations` VALUES (1,'emobile','es','2013-11-14 01:28:41','2014-02-08 00:02:37');
/*!40000 ALTER TABLE `system_configurations` ENABLE KEYS */;
UNLOCK TABLES;

--
-- Table structure for table `users`
--

DROP TABLE IF EXISTS `users`;
/*!40101 SET @saved_cs_client     = @@character_set_client */;
/*!40101 SET character_set_client = utf8 */;
CREATE TABLE `users` (
  `id` int(11) NOT NULL AUTO_INCREMENT,
  `first_name` varchar(255) NOT NULL,
  `last_name` varchar(255) NOT NULL,
  `phone` varchar(255) NOT NULL,
  `city` varchar(255) NOT NULL,
  `state` varchar(255) NOT NULL,
  `zip` int(11) NOT NULL,
  `country` varchar(255) NOT NULL,
  `street` varchar(255) NOT NULL,
  `street_number` varchar(255) NOT NULL,
  `colony` varchar(255) NOT NULL,
  `role_id` int(11) NOT NULL DEFAULT '2',
  `event_id` int(11) DEFAULT NULL,
  `created_at` datetime NOT NULL,
  `updated_at` datetime NOT NULL,
  `username` varchar(255) NOT NULL,
  `email` varchar(255) NOT NULL,
  `encrypted_password` varchar(255) NOT NULL DEFAULT '',
  `reset_password_token` varchar(255) DEFAULT NULL,
  `reset_password_sent_at` datetime DEFAULT NULL,
  `remember_created_at` datetime DEFAULT NULL,
  `sign_in_count` int(11) DEFAULT '0',
  `current_sign_in_at` datetime DEFAULT NULL,
  `last_sign_in_at` datetime DEFAULT NULL,
  `current_sign_in_ip` varchar(255) DEFAULT NULL,
  `last_sign_in_ip` varchar(255) DEFAULT NULL,
  `confirmation_token` varchar(255) DEFAULT NULL,
  `confirmed_at` datetime DEFAULT NULL,
  `confirmation_sent_at` datetime DEFAULT NULL,
  `unconfirmed_email` varchar(255) DEFAULT NULL,
  `failed_attempts` int(11) DEFAULT '0',
  `unlock_token` varchar(255) DEFAULT NULL,
  `locked_at` datetime DEFAULT NULL,
  `authentication_token` varchar(255) DEFAULT NULL,
  PRIMARY KEY (`id`),
  UNIQUE KEY `index_users_on_email` (`email`),
  UNIQUE KEY `index_users_on_reset_password_token` (`reset_password_token`),
  UNIQUE KEY `index_users_on_confirmation_token` (`confirmation_token`),
  UNIQUE KEY `index_users_on_unlock_token` (`unlock_token`),
  UNIQUE KEY `index_users_on_authentication_token` (`authentication_token`),
  KEY `users_role_id_fk` (`role_id`),
  KEY `users_event_id_fk` (`event_id`),
  CONSTRAINT `users_event_id_fk` FOREIGN KEY (`event_id`) REFERENCES `events` (`id`),
  CONSTRAINT `users_role_id_fk` FOREIGN KEY (`role_id`) REFERENCES `roles` (`id`)
) ENGINE=InnoDB AUTO_INCREMENT=9 DEFAULT CHARSET=latin1;
/*!40101 SET character_set_client = @saved_cs_client */;

--
-- Dumping data for table `users`
--

LOCK TABLES `users` WRITE;
/*!40000 ALTER TABLE `users` DISABLE KEYS */;
INSERT INTO `users` VALUES (1,'System','Administrator','6141111111','Chihuahua','Chihuahua',33333,'México','Address 1','1111','Colony 1',1,NULL,'2013-11-14 01:28:41','2014-02-17 22:07:24','administrator','emobile@emobile.com.mx','$2a$10$lngnawUyrqzKYlLU.DWMyOQlJwKqXdb4pm/ASmAVUTuGzGTbbn89W',NULL,NULL,NULL,76,'2014-02-17 22:07:24','2014-02-17 21:17:49','189.244.41.221','189.244.41.221',NULL,'2013-11-13 05:00:00',NULL,NULL,0,NULL,NULL,NULL),(2,'Raúl','Maese','6141111111','Chihuahua','Chihuahua',33333,'México','Address 1','1111','Colony 1',2,1,'2013-11-14 01:28:41','2013-11-21 18:21:51','rmaeseadmin','rmaese@emobile.com.mx','$2a$10$aMaKGUjOemOoSXp4B3ZmRu58in9R0.7dXhPnaUI6ACdthEqOWGeym',NULL,NULL,NULL,0,NULL,NULL,NULL,NULL,NULL,'2013-11-13 05:00:00',NULL,NULL,0,NULL,NULL,NULL),(3,'Jorge','Luna','6141222222','Chihuahua','Chihuahua',33333,'México','Address 2','2222','Colony 2',2,2,'2013-11-14 01:28:45','2013-11-21 18:21:55','jlunaadmin','jluna@emobile.com.mx','$2a$10$TAjue2Hd.VaQz0zajTIJNOEVa1wk0hY/U2SFCVCI6SUXxR2OKDYR6',NULL,NULL,NULL,0,NULL,NULL,NULL,NULL,NULL,'2013-11-13 05:00:05',NULL,NULL,0,NULL,NULL,NULL),(4,'Raúl','Maese','614 233 54 81','Chihuahua','Chihuahua',30140,'México','Americas','#2001','Panamericana',2,3,'2014-02-04 17:57:42','2014-02-07 01:20:09','administrador','raulmaese@gmail.com','',NULL,NULL,NULL,0,NULL,NULL,NULL,NULL,'hvKWp1YiyVa4ekVRycNx',NULL,'2014-02-06 00:19:27',NULL,1,NULL,NULL,NULL),(8,'Claudia ','Flores Yamada','614 258 21 00','Chihuahua','Chihuahua',94012,'México','Ave. Mirador','422','Lomas Altas',2,3,'2014-02-07 19:58:55','2014-02-17 23:28:42','claudiaflores','claudia@cie-mex.com','$2a$10$tw5aNiOQE8lxLxuhr06VAelfiM5pXCkyIOSyh9XWHE7nq7do6hUXa',NULL,NULL,NULL,20,'2014-02-17 23:28:42','2014-02-17 23:03:23','201.141.240.133','201.141.240.133',NULL,'2014-02-10 23:03:14','2014-02-07 19:58:55',NULL,0,NULL,NULL,NULL);
/*!40000 ALTER TABLE `users` ENABLE KEYS */;
UNLOCK TABLES;

--
-- Table structure for table `workshops`
--

DROP TABLE IF EXISTS `workshops`;
/*!40101 SET @saved_cs_client     = @@character_set_client */;
/*!40101 SET character_set_client = utf8 */;
CREATE TABLE `workshops` (
  `id` int(11) NOT NULL AUTO_INCREMENT,
  `name` varchar(255) NOT NULL,
  `workshop_key` varchar(255) NOT NULL,
  `teacher_name` varchar(255) NOT NULL,
  `room_id` int(11) NOT NULL,
  `event_id` int(11) NOT NULL,
  `created_at` datetime NOT NULL,
  `updated_at` datetime NOT NULL,
  PRIMARY KEY (`id`),
  KEY `workshops_room_id_fk` (`room_id`),
  KEY `workshops_event_id_fk` (`event_id`),
  CONSTRAINT `workshops_event_id_fk` FOREIGN KEY (`event_id`) REFERENCES `events` (`id`),
  CONSTRAINT `workshops_room_id_fk` FOREIGN KEY (`room_id`) REFERENCES `rooms` (`id`)
) ENGINE=InnoDB AUTO_INCREMENT=15 DEFAULT CHARSET=latin1;
/*!40101 SET character_set_client = @saved_cs_client */;

--
-- Dumping data for table `workshops`
--

LOCK TABLES `workshops` WRITE;
/*!40000 ALTER TABLE `workshops` DISABLE KEYS */;
INSERT INTO `workshops` VALUES (1,'SYSCOM','rht','Instructor SYSCOM',1,1,'2013-11-15 01:34:22','2013-11-15 18:10:03'),(2,'CISCO','1zg','Instructor CISCO',2,1,'2013-11-15 01:34:41','2013-11-15 18:09:43'),(3,'TECHDATA','v5b','Instructor TECHDATA',3,1,'2013-11-15 01:34:58','2013-11-15 18:09:21'),(4,'TOSHIBA','k7o','Instructor TOSHIBA',4,1,'2013-11-15 01:35:23','2013-11-15 18:08:51'),(5,'HUAWEI','usc','Instructor HUAWEI',5,1,'2013-11-15 01:35:50','2013-11-15 18:08:12'),(6,'MICROSOFT','7gw','Instructor MICROSOFT',6,1,'2013-11-15 01:36:05','2013-11-15 18:07:33'),(7,'TECHDATA 2','0re','Instructor TECHDATA 2',7,2,'2013-11-15 01:36:39','2013-11-15 18:07:06'),(8,'ASPEL','pot','Instructor ASPEL',8,2,'2013-11-15 01:37:03','2013-11-15 18:06:34'),(9,'D-LINK','l5x','Instructor D-LINK',9,2,'2013-11-15 01:37:24','2013-11-15 18:06:04'),(10,'B LINE','wu3','Instructor B LINE',10,2,'2013-11-15 01:37:38','2013-11-15 18:03:50'),(11,'TRIPP LITE','ea4','Instructor TRIPP LITE',11,2,'2013-11-15 01:38:06','2013-11-15 18:03:16'),(12,'INGRAM','2nc','Instructor INGRAM',12,2,'2013-11-15 01:38:20','2013-11-15 18:02:49'),(13,'¿El fin de las contraseñas?','hwd','Fernando Catoira',13,3,'2014-02-12 17:46:35','2014-02-12 17:46:35'),(14,'EL MEDIO DE COBRO COMO HERRAMIENTA','7oe','Jorge Siqueiros',14,3,'2014-02-12 17:50:00','2014-02-12 17:50:00');
/*!40000 ALTER TABLE `workshops` ENABLE KEYS */;
UNLOCK TABLES;
/*!40103 SET TIME_ZONE=@OLD_TIME_ZONE */;

/*!40101 SET SQL_MODE=@OLD_SQL_MODE */;
/*!40014 SET FOREIGN_KEY_CHECKS=@OLD_FOREIGN_KEY_CHECKS */;
/*!40014 SET UNIQUE_CHECKS=@OLD_UNIQUE_CHECKS */;
/*!40101 SET CHARACTER_SET_CLIENT=@OLD_CHARACTER_SET_CLIENT */;
/*!40101 SET CHARACTER_SET_RESULTS=@OLD_CHARACTER_SET_RESULTS */;
/*!40101 SET COLLATION_CONNECTION=@OLD_COLLATION_CONNECTION */;
/*!40111 SET SQL_NOTES=@OLD_SQL_NOTES */;

-- Dump completed on 2014-02-17 17:31:14
